Sample,Acaeniotyle.parva,Acaeniotyle.umbilicata,Acanthocircus.breviaculeatus,Acanthocircus.dicranacanthos,Acanthocircus.euganeus,Acanthocircus.italicus,Acanthocircus.latuformis,Acanthocircus.cf..minimus,Acanthocircus.moctezumaensis,Acanthocircus.multidentatus,Acanthocircus.polymorphus,Acanthocircus.preclarus,Acanthocircus.simplex,Acanthocircus.suboblongus,Acanthocircus.trizonalis,Acastea.bipes,Acastea.diaphorogona,Acastea.minispinea,Actinomma.siciliensis,Acusten.glebulosa,Alievium.helenae.helenae,Angulobracchia.biordinalis,Angulobracchia.digitata,Angulobracchia.heteroporata,Angulobracchia.....portmanni,Angulobracchia.purisimaensis,Angulobracchia.rugosa,Angulobracchia.trifolia,Archaecenosphaera.gregaria,Archaecenosphaera.hexagonata,Archaeocenosphaera.micropora,Archaeocenosphaera.minuscula,Archaeocenosphaera.cf..laseekensis,Archaeocenosphaera.radiata,Archaeocenosphaera.ruesti,Archaeohagiastrum.munitum,Archaeospongoprunum.cortinaensis,Archaeospongoprunum.elegans,Archaeospongoprunum.imlayi,Archaeospongoprunum.klingi,Archaeospongoprunum.tehamaensis,Archaeotritrabs.gracilis,Bernoullius.dicera,Bernoullius.rectispinus,Bivallupus.primigenius,Crucella.cf..collina,Crucella.cf..espartoensis,Crucella.magna,Crucella.mexicana,Crucella.squama,Crucella.theokaftensis,Cyclastrum.decorum,Deviatus.diamphidius,Deviatus.hipposidericus,Ditrabs.osteosa,Emiluvia.chica,Emiluvia.hopsoni,Emiluvia.orea,Emiluvia.cf..pentaporata,Emiluvia.pessagnoi,Emiluvia.premyogii,Emiluvia.salensis,Emiluvia.sedecimporata,Emiluvia..splendida,Godia.tuberculata,Gorgansium.pulchrum,Gorgansium.silviesense,Halesium.irregularis,Halesium.latifolia,Halesium.lineatum,Haliodictya.....hojnosi,Haliomma.cf..giganteum,Hexastylus.uvarius,Higumastra.imbricata,Higumastra.inflata,Homoeoparonaella.argolidensis,Homoeoparonaella.elegans,Homoeoparonaella.giganthea,Hymeniastrum.ancora,Leugeo.hexacubica,Mesovallupus.guadalupensis,Mesovallupus.limbus,Mesovallupus.nawalpa,Neoparonaella.delicata,Neovallupus.modestus,Nodotetraedra.barmsteinensis,Orbiculiforma.cf..S..helios,Orbiculiforma.cf..iniqua,Orbiculiforma.....kanayamaensis,Orbiculiforma.lowreyensis,Orbiculiforma.mclaughlini.group,Orbiculiforma.cf..vacaensis,Pantanellium.bangaense,Pantanellium.berriasianum,Pantanellium.cantuchapai,Pantanellium.coronense,Pantanellium.deflectum,Pantanellium.fischeri,Pantanellium.formosum,Pantanellium.foveatum,Pantanellium.cf..heimi,Pantanellium.josephinense,Pantanellium.meraceibaense,Pantanellium.nodaculeatum,Pantanellium.oligoporum,Pantanellium.parvulum,Pantanellium.ranchitoense,Pantanellium.riedeli,Pantanellium.squinaboli,Pantanellium.tierrablancaense,Pantanellium.whalenae,Paronaella.bandyi,Paronaella.broennimanni,Paronaella.cava,Paronaella.denudata,Paronaella.kotura,Paronaella.mulleri,Paronaella.multifera,Paronaella.obesa,Paronaella.cf..pessagnoi,Paronaella.cf..pristidentata,Paronaella.pygmaea,Paronaella.cf..solanoensis,Paronaella....trifoliacea,Paronaella.tubulata,Paronaella.venusta,Parvivacca.blomei,Parvivacca.simplex,Praeconocaryomma.hexagona,Praeconocaryomma.jiangzeensis,Praeconocaryomma.mammillaria,Praeconosphaera.antiqua,Praeconosphaera.magnimamma,Praeconosphaera.spinosa,Praeconosphaera.tuberosa,Protopsium.posinos,Protovallupus.busuangaensis,Protovallupus.directus,Protovallupus.excellens,Protovallupus.firmus,Protovallupus.cf..tetlamaensis,Protovallupus.yangi,Pseudocrucella.sanfilippoae,Pseudohigumastra.minuta,Saldorfus.corralitosensis,Spongotripus.communis,Spongotripus.triacuminata,Spongotripus.trigonus,Staurocyclia.martini,Staurolonche.robusta,Staurosphaera.cf..amplissima,Staurosphaera.antiqua,Stephanastrum.orbiculare,Suna.echiodes,Suna.cf..harperi,Tetraditryma.praeplena,Tetraditryma.pseudoplena,Tetrarectangulum.poratum,Tetrarectangulum.spinosum,Tetratrabs....radix,Tetratrabs.zealis.bulbosa,Tetratrabs.zealis.zealis,Triactoma.blakei,Triactoma.frequens,Triactoma.hidalgoensis,Triactoma.jonesi,Triactoma.kellumi,Triactoma.mexicana,Triactoma.parablakei,Triactoma.paramexicana,Triactoma.spinosa,Triactoma.tenuspinea,Triactoma.tithonianum,Tritrabs.casmaliaensis,Tritrabs.ewingi.ewingi,Tritrabs.ewingi.minima,Tritrabs.exotica,Tritrabs.hayi,Tritrabs....media,Tritrabs.rhododactylus,Tritrabs.simplex,Vallupus.hopsoni,Vallupus.japonicus,Vallupus.zeissi,Amphipyndax.durisaeptum,Amphipyndax.obesa,Archaeodictyomitra.cf..annulata,Archaeodictyomitra.apiarium,Archaeodictyomitra.excellens,Archaeodictyomitra.exigua,Archaeodictyomitra.lacrimula,Archaeodictyomitra.minoensis,Archaeodictyomitra.rigida,Archaeodictyomitra.shengi,Archaeodictyomitra.sixi,Archaeodictyomitra.suzukii,Archaeodictyomitra.thiensis,Archaeodictyomitra.vulgaris,Caneta.hsui,Cinguloturris.arabica,Cinguloturris.carpatica,Complexapora.tirolica,Cryptamphorella.conara,Cryptamphorella.dumitricai,Cryptamphorella.macropora,Cyrtocapsa.adrianae,Cyrtocapsa.indonesiensis,Cyrtocapsa.mastoidea,Cyrtocapsa.molengraaffi,Cyrtocapsa.cf..pseudacerra,Cyrtocapsa.tricornis,Cyrtocapsa.tripes,Darvelus.pessagnoi,Darvelus.primus,Dibolachras.cf..chandrika,Dictyomitra.formosa,Eucyrtidiellum.gujoensis,Eucyrtidiellum.ozaiense,Eucyrtidiellum.ptyctum,Eucyrtiediellum.pyramis,Eucyrtidiellum.unumaensis,Gongylothorax.favosus,Gongylothorax.marmoris,Gongylothorax.siphonofer,Guexella.nudata,Hemicryptocapsa.capita,Hilasirex.cf..quadrangularis,Holocrytocanium.barbui,Hsuum.brevicostatum,Hsuum.cf..cuestaense,Hsuum.feliformis,Hsuum.maxwelli,Hsuum.mclaughlini,Hsuum.okamurai,Hsuum.tamanense,X.Immersothorax.cyclops,Katroma.milloti,Katroma.tetrastyla,Loopus.nudus.s.l.,Loopus.primitivus,Mirifusus.chenodes,Mirifusus.fragilis,Mirifusus.guadalupensis,Mirifusus.mediodilatatus.globosus,Mirifusus.mediodilatatus.mediodilatatus,Mirifusus.mediodilatatus.minor,Napora.bukryi.s.l.,Napora.durhami,Napora.latissima,Napora.pulaensis,Napora.pyramidalis,Noritus.cf..lillihornensis,Obesacapsula.bullata,Obesacapsula.cetia,Obesacapsula.polyedra,Obesacapsula.rotunda,Obesacapsula.ruscoensis,Obesacapsula.verbana,Palinandromeda.depressa,Palinandromeda.podbielensis,Parahsuum.carpathicum,Parapodocapsa.furcata,Parvicingula.cf..blowi,Parvicingula.bluefordae,Parvicingula.boesii.group,Parvicingula.colemani,Parvicingula.deadhorsensis,Parvicingula.dhimenaensis,Parvicingula.cf..elegans,Parvicingula.excelsa,Parvicingula.gracila,Parvicingula.cf..grantensis,Parvicingula.jonesi,Parvicingula.mashitaensis,Parvicingula.satura,Parvicingula.cf..thomesensis,Parvicingula.turrita,Parvicingula.yehae,Parvifavus.minoensis,Perispyridium.ordinarium,Podobursa.helvetica,Podobursa.pantanellii,Podobursa.triacantha.polyacantha,Podobursa.triacantha.tetracantha,Podobursa.triacantha.triacantha,Podocapsa.amphitreptera.s.l.,Podocapsa.amphitreptera.foremanae,Praeparvicingula.blomei,Praeparvicingula.cappa,Praeparvicingula.communis,Praeparvicingula.cosmonica,Praeparvicingula.discors,Praeparvicingula.erecta,Praeparvicingula.holdsworthi,Praeparvicingula.nebulosa,Praeparvicingula.longa,Praeparvicingula.rotunda.s.l.,Praeparvicingula.vacaensis,Praeparvicingula.vera,Protonuma.fusiformis,Protonuma.japonica,Protonuma....ochiensis,Pseudoeucyrtis.sp..cf..P..cryptocephala,Pseudoeucyrtis.reticularis,Pseudodictyomitra.carpatica,Quarticella.spinosa,Ristola.altissima,Ristola.cretacea,Ristola.gemmata,Ristola.procera,Saitoum.cepeki,Saitoum.corniculum,Saitoum.dercourti,Saitoum.elegans,Saitoum.levium,Saitoum.pagei,Saitoum.trichylum,Sethocapsa.accincta,Sethocapsa.cometa,Sethocapsa.dorysphaeroides,X.Sethocapsa.fabii,Sethocapsa.funatoensis,Sethocapsa.kaminogoensis,Sethocapsa.leiostraca,Sethocapsa.pseudouterculus,Sethocapsa.sphaerica,Sethocapsa....subcrassitestata,Sethocapsa.trachyostraca.group,Sethocapsa.uterculus,Sethocapsa.zinckeni,Solenotryma.ichikawai,Spongocapsula.dumitricai,Spongocapsula.palmerae,Spongocapsula.perampla,Spongocapsula.takonoensis,Stichocapsa.convexa,Stichocapsa.decora,Stichocapsa.japonica,Stichocapsa.naradaniensis,Stichocapsa.robusta,Stichocapsa.cf..singularis,Stichomitra.doliolum,Stichomitra.rectilineata,Stichomitra.....tairai,Stylocapsa.catenarum,Stylocapsa.oblongula,Stylocapsa.tecta,Syringocapsa.affine,Syringocapsa.agolarium,Syringocapsa.amphorella,Syringocapsa....foremanae,Syringocapsa.fusa,Syringocapsa.grutterinki,Syringocapsa.lata,Syringocapsa.limata,Syringocapsa.lombardica,Syrincocapsa.vicentina,Thanarla.brouweri.group,Thanarla.elegantissima,Thanarla.gutta,Thanarla.praeveneta,Theocapsomma.cordis,Theocorys....pulchella,Theocorys.renzae,Tricolocapsa.conexa,Tricolocapsa.obesa,Tricolocapsa.plicarum,Unuma.echinatus,Williriedellum.carphaticum,Williriedellum.crystallinum,Williriedellum.ruesti,Williriedellum.sujkowski,Windalia.cf..epiplatys,Wrangellium.depressum,Wrangellium.....kamoensis,Wrangellium.puga,Xitus.alievi.sensu.Schaaf,Xitus.gifuensis,Xitus.sp..cf..X..spicularius,Zhamoidellum.frequens,Zhamoidellum.ornatum,Zhamoidellum.ovum,Zhamoidellum.ventricosum,Acaeniotylide.sp..A,Acaeniotyle.sp..A,Acaeniotylopsis.aff..Alievium.helenae,Acaeniotylopsis.sp..A,Acaeniotylopsis....sp..B,Acaeniotylopsis.sp..D,Acanthocircus.sp..B,Acanthosphaera.sp..B,Acanthosphaera.sp..C,Acanthosphaera.sp..D,Actinomma.verwirra,Actinomma.sp..A,Actinomma.sp..B.group,Actinomma....sp..C,Actinomma.sp..D,Actinomma.sp..E,Actinomma.sp..F,Alievium.helenae.picum,Alievium....sp..A,Alievium.sp..B,Alievium....sp..C,Amphibracchium.sp..A,Amphibracchium.sp..B,Angulobracchia.aff..Paronaella.kotura,Angulobracchia.sp..aff..A..trifolia,Angulobracchia.sp..A,Anomalocantha.sp..A,Archaeospongoprunum.sp..aff..bipartitum,Archaeospongorpunum.sp..aff..A..klingi,Archaeospongoprunum.....sp..A,Archaeotriastrum.mostleri,Archaeotriastrum.sp..A,Astrospongus....sp..A,Astrospongus....sp..B,Bernoulliidae.gen..et.sp..indet..I,Cecrops.sp..A,Crucella.sp..aff..C..espartoensis,Deviatus.sp..A,Deviatus.sp..B,Emiluvia.lowercoonensis.polaris,Emiluvia.omanensis,Emiluvia.parvanodosa,Emiluvia.aff..chica,Emiluvia.sp..aff..E..hopsoni,Emiluvia.sp..aff..E..parvanodosa,Emiluvia....sp..aff..E..pessagnoi,Emiluvia.aff..sedicimporata,Emiluvia.sp..A,Godia.sp..A,Godia.sp..B,Godia.sp..C,Godia....sp..D,Gorgansium.sp..aff..G..morganense,Gorgansium.steigeri,Gorgansium.sp..A,Gorgansium.sp..B,Halesium.sp..aff..H..sexangulum,Halesium.sp..A,Halesium.....sp..B,Halesium....sp..C,Haliomma.sp..A,Haliomma.sp..B,Heliodiscus.sp..A,Heliodiscus....sp..B,Heliosoma.antarctica,Heliosoma.interessanta,Heliosoma.sp..A,Heliosoma.sp..B,Hexalonche.sp..A,Hexalonche.sp..B,Hexalonche.sp..C,Hexancistra.grahamensis,Higumastra.sp..aff..H..inflata,Higumastra.sp..aff..Tetrarect..spinosum,Higumastra.sp..A,Higumastra.sp..B,Higumastra....sp..D,Higumastrinae.Gen..et.sp..indet.,Homoeoparonaella.elegans.yangi,Homoeoparonaella.sp..aff..H..giganthea,Homoeoparonaella.sp..A,Homoeparonaella....sp..B,Homoeoparonaella....sp..C,Leugeo.mirificus,Leugeo.sp..A,Leugeo.sp..B,Nodotetraedra.pala,Nodotetraedra.sp..A.group,Nodotetraedra....sp..B,Nodotetraedra.sp..C,Orbiculiforma.hullae,Orbiculiforma.hypnotica,Orbiculiforma.sp..aff..O..lowreyensis,Orbiculiforma.sp..aff..O..mclaughlini,Orbiculiforma.sp..aff..monticelloensis,Orbiculiforma.sp..aff..O..railensis,Orbiculiforma.sp..A,Orbiculiforma.sp..B,Orbiculiforma....sp..C,Orbiculiforma.sp..D,Orbiculiforma....sp..E,Orbiculiforma.sp..F,Orbiculiforma.sp..G,Orosphaeride.sp..1,Palaeosaturnalis.sp..A,Pantanellium.sp..A,Pantanellium.sp..B.sensu.Cheng,Pantanellium....sp..C,Pantanellium.sp..D,Paronaella.sp..aff.P..broenimanni,Paronaella.sp..aff..P..cleaopatrensis,Paronaella.sp..aff..P..cava,Paronaella.sp..aff..P..kotura,Paronaella.sp..aff..P..mulleri,Paronaella.sp..aff.P..pristidentata,Paronaella.sp..aff..P..ruesti,Paronaella.sp..aff..P..solanoensis,Paronaella.sp..aff..P..venadoensis,Paronaella.sp..aff..P..venusta,Paronaella.sp..A,Paronaella.sp..B,Paronaella.sp..C,Parvivacca.sp..A,Patelulla.sp..aff..P..verteroensis,Patellula....sp..A,Patellula....sp..B,Patellula....sp..C,Patellula....sp..D,Patellula....sp..E,Patellula....sp..F,Perispongidium....aff..angusticameratum,Plegmosphaera.sp..A,Plegmosphaera.sp..B,Plegmosphaera.sp..C,Plegmosphaera.sp..D,Praeconocaryomma.aff..californiaensis,Praeconocaryomma.aff..Leugeo.hexacubica,Praeconocaryomma....sp..A,Praeconocaryomma.sp..B,Praeconocaryomma.sp..C,Praeconocaryomma.sp..D,Praeconocaryomma.sp..E,Praeconocaryomma.sp..F,Praeconocaryomma....sp..G,Praeconocaryomma.sp..H,Protovallupus.problematicus,Protovallupus.sp..A,Protovallupus.sp..B,Rhizoplegma.sp..A,Rhizosphaera.sp..A,Rhizosphaera....sp..B.group,Rhizospongus.sp..A,Spongiomma.sp..A,Spongiomma.sp..B,Spongiomma....sp..C,Spongiomma.sp..D,Spongiomma.sp..E,Spongiomma.sp..F,Spongiommatinae.Gen..et.sp..indet..1,Spongiommatinae.Gen..et.sp..indet..2,Spongiomattinae.gen..et.sp..indet..3,Spongodiscus.sp..A,Spongodiscus.sp..B,Spongostaurus.australis,Spongostaurus.compactus,Spongostaurus.sp..A,Spongostaurus.sp..B,Spongostylus....sp..A,Spongostylus.sp..B,Spongotripus.crassus,Spongotripus.cremeri,Spongotripus.sp..aff..S..crassus,Spongotripus.sp..aff..S..cremeri,Spongotripus.sp..A,Spongurus.sp..A,Staurolonche.sp..A,Staurolonche.sp..B,Staurolonche.sp..C,Staurolonchidium.sp..A,Staurolonchidium.sp..B,Staurosphaera.sp..aff..S..antiqua,Stylodictya.sp..A,Stylodictya.sp..B,Stylospongia.sp..aff..S..longispina,Stylospongia.sp..aff..S..polygonata,Suna.concava,Suna.sp..A,Tetraditryma.sp..aff..T..praeplena,Tetraditryma.sp..A,Triactoma.sp..aff..T..jonesi,Triactoma.sp..C,Tripodictya.sp..A,Triposphaera.sp..A,Triposphaera.sp..B,Triposphaera....sp..D,Tritrabs....aff..T..casmaliaensis,Tritrabs....sp..aff..T.....media,Zanola.sp..A,Amphipyndax.....sp..aff..A..ellipticus,Amphipyndax....sp..A,Amphipyndax....sp..B,Archaeodictyomitra.sp..aff..A..apiaria,Archaeodictyomitra.sp..aff..A..exigua,Archaeodictyomitra.sp..aff..A.minoensis,Archaeodictyomitra.sp..aff..A..sixi,Archaeodictyomitra.aff..Th..veneta,Archaeodictyomitra.sp..A,Bagotum.sp..A,Caneta.sp..A,Canutus.sp..A,Canutus....sp..B,Complexapora.sp..A,Cornutella.sp..A,Cornutella.sp..B,Cornutella.sp..C,Cryptamphorella.sp..aff..C..conara,Cyrtocapsa.crescenda,Cyrtocapsa.sp..aff..C..tricornis,Cyrtocapsa.sp..A,Cyrtocapsa.sp..B,Darvelus....aff..Wrangellium.puga,Diacanthocapsa.sp..A,Droltus.sp..aff..D..laseekensis,Droltus....sp..A,Eucyrtidiellum....aff..E..quinatum,Eucyrtidiellum....sp..A,Eucyrtidiellum....sp..C,Eucyrtidiellum....sp..D,Eucyrtidium.sp..A,Gongylothorax.sp..A,Hemicryptocapsa....sp..aff..H..simplex,Hemicryptocapsa.aff..S..trachyostraca,Hsuum.sp..aff..H..cuestaense,Hsuum.sp..aff..H..tamanense,Hsuum.sp..aff..H..rosebudense,Hsuum.sp..A,Hsuum.sp..B,Hsuum.sp..C,Jacus.sp..A,Katroma....sp..A,Loopus.sp..A,Loopus....sp..B,Mita.sp..A,Mita.sp..B,Napora.sp..aff..N..bukryi,Napora.sp..aff..N..latissima,Napora.sp..aff..pyramidalis,Napora.pacifica,Napora.sp..A,Napora.sp..B,Napora.sp..C,Napora....sp..D,Neorelumbra.tippitae,Neorelumbra.buwaydahensis,Turanta.sp..B,Neorelumbra.sp..B,Neorelumbra....sp..C,Neorelumbra.sp..A,Neosciadiocapside.gen..et.sp..indet..I,Obesacapsula.sp..A,Obesacapsula.sp..B,Parvicingula.aff..boesii,Parvicingula.aff..blowi,Parvicingula.aff..colemani,Parvicingula.aff..excelsa,Parvicingula.aff..turrita,Parvicingula.sp..aff..P..yehae,Parvicingula.sp..A,Parvicingula.sp..B,Parvicingula.sp..C,Parvicingula.sp..D,Parvicingula.sp..E,Parvicingula.sp..F,Perispyridium.serratum,Perispyridium.trifolium,Plagoniide.gen..et.sp..indet.,Podobursa.sp..aff..P..triacantha,Podobursa.sp..aff..P..tricola,Podobursa.sp..aff..Yamatoum.spinosum,Podobursa.sp..A,Podobursa....sp..B,Podobursa....sp..D,Praeparvicingula.aff..cosmonica.I,Praeparvicingula.aff..P.cosmonica.II,Praeparvicingula.aff..P.hurdygurdyensis,Praeparvicingula.sp..aff..P..rotunda,Praeparvicingula....sp..A,Praeparvicingula.sp..B,Praeparvicingula.sp..C,Praeparvicingula.sp..D,Praeparvicingula.....sp..E,Praeparvicingula.sp..F.group,Praeparvicingula.sp..G.group,Protonuma.sp..B,Pseudoeucyrtis.sp..aff..P..hanni,Pseudoeucyrtis.sp..aff..P..micropora,Pseudoeucyrtis.sp..aff..P.paskentaensis,Pseudoeucyrtis....aff..Theocorys.pulcel,Pseudoeucyrtis.sp..aff..P..reticularis,Pseudoeucyrtis.sp..A,Pseudoeucyrtis.sp..B,Pseudoeucyrtis....sp..C,Pseudopoulpus.sp..A,Pseudopoulpus.sp..B,Ristola....sp..A,Ristola.sp..B,Saitoum.sp..A,Sethocapsa.sp..aff..Obesacapsula.cetia,Sethocapsa.sp..aff..S..cometa,Sethocapsa.sp..aff..S..dorysphaeroides,Sethocapsa.sp..aff..S..funatoensis,Sethocapsa.sp..aff..S..kaminogoensis,Sethocapsa.sp..aff..S..leiostraca,Sethocapsa....sp..A,Sethocapsa.sp..C,Solenotryma....sp..A,Spongocapsula.sp..A,Spongocapsula....sp..C,Spongocapsula....sp..E,Stichocapsa.sp..aff..S..convexa,Stichocapsa....sp..aff..S..crescenda,Stichocapsa.sp..aff..S..imminuta,Stichocapsa.sp..aff..S..robusta,Stichocapsa....sp..B,Stichocapsa.sp..D,Stichocapsa....sp..H,Stichomitra....sp..A,Stichomitra.sp..B,Stichomitra.sp..C,Stichomitra....sp..D,Stichomitra....sp..E,Stylocapsa....sp..A,Stylocapsa....sp..B,Syringocapsa.aff..Diacanthoc..euganea,Syringocapsa.sp..aff..P..polylophia,Syringocapsa.sp..aff..S..spinosa,Syringopsa.sp..A,Syringocapsa.sp..B,Syringocapsa....sp..C,Thanarla....sp..aff..T..pulchra,Theocampe.sp..A,Theocapsa.sp..A,Theocapsomma.sp..A,Tricolocapsa.sp..aff..Sethocap..nobilis,Tricolocapsa.boehmi,Tricolocapsa.campana,Tricolocapsa.sp..aff..T..boehmi,Tricolocapsa.sp..aff..T..campana,Tricolocapsa....sp..aff..T..conexa,Tricolocapsa....sp..aff..T..tetragona,Tricolocapsa.sp..A.sensu.Gorican,Tricolocapsa....sp..C,Tricolocapsa.sp..D,Tridentocyrtis....sp..A,Tripocalspis....sp..A,Tripocyrtis....sp..A,Triversus.....sp..A,Unuma.sp..A,Williriedellum.sp..A,Williriedellum.sp..B,Williriedellum.sp..C,Windalia.sp..aff..W..pyrgodes,Windalia.....sp..A,Windalia....sp..B,Windalia.sp..C,Windalia.....sp..D,Windalia.....sp..E,Windalia.....sp..F,Windalia....sp..G,Xitus.sp..aff..X..alievi,Xitus.sp..aff..X..spicularius,Xitus.sp..aff..X..spineus,Xitus.sp..A,Zhamoidellum.sp..aff..Z..ovum
Alps.Oxf.AM12,0,2,0,0,0,0,0,0,0,0,0,0,0,0,0,0,0,0,0,0,0,0,1,0,0,0,0,1,2,0,0,0,0,0,0,0,0,3,10,0,0,0,0,0,0,0,0,0,0,0,7,0,0,3,0,12,0,3,0,3,1,7,7,0,0,0,0,0,0,0,2,0,0,0,0,0,0,1,0,0,0,0,0,0,0,0,0,0,0,0,0,0,0,0,0,0,0,0,0,0,0,0,0,0,3,0,0,0,0,0,0,0,2,5,0,0,1,0,0,0,1,0,0,0,0,0,0,0,0,2,0,0,0,1,0,0,0,0,0,0,0,0,4,0,0,0,0,0,0,0,0,3,1,1,0,2,0,0,0,0,2,0,1,0,0,5,0,0,0,0,0,0,0,8,0,0,6,0,1,7,0,0,0,0,0,0,1,1,1,0,0,1,0,0,0,0,0,0,0,0,18,4,0,0,0,0,0,0,0,0,0,1,0,0,0,0,0,0,1,0,0,0,0,0,0,0,0,0,1,0,0,0,0,7,0,0,0,0,0,5,0,0,0,0,0,0,1,0,0,0,2,0,0,0,0,0,0,8,0,0,0,0,0,0,0,0,0,0,0,0,0,0,0,0,0,0,0,0,0,2,0,6,0,0,5,0,0,0,2,0,0,3,0,0,0,0,0,0,0,0,0,0,0,0,0,0,0,0,0,0,0,0,0,0,0,1,0,0,0,0,4,0,0,2,0,0,0,0,0,0,2,2,0,0,0,0,0,0,0,0,0,0,1,0,0,0,0,0,0,0,0,0,0,0,0,0,0,0,0,0,0,0,0,0,0,0,0,0,4,0,0,1,0,0,0,0,0,0,0,0,0,2,2,0,0,0,2,2,0,0,0,0,0,0,0,0,0,0,0,0,0,0,0,0,0,0,0,0,0,0,0,0,0,0,0,0,0,1,0,0,5,0,0,0,0,2,0,0,0,0,0,0,0,0,0,0,0,0,0,0,0,0,0,0,0,0,0,0,0,0,0,0,0,0,0,0,0,0,0,0,0,0,0,2,0,0,0,0,0,2,0,0,0,0,0,3,0,1,0,0,0,0,0,0,0,0,0,0,0,0,0,0,5,0,0,2,0,0,0,0,0,0,0,0,0,0,0,0,0,0,0,0,1,2,0,1,0,0,0,0,0,2,0,0,0,0,0,0,0,0,0,0,0,0,0,26,5,0,0,0,6,0,0,0,0,0,0,2,0,0,0,0,0,0,0,0,0,0,0,0,0,0,0,0,1,0,0,0,0,0,0,0,0,0,0,0,0,0,0,0,0,3,0,0,0,0,0,1,0,0,0,0,0,0,0,0,0,0,0,0,0,0,0,0,0,0,0,0,0,0,0,0,0,0,0,0,0,0,0,0,0,1,0,0,0,0,0,0,0,0,0,0,0,0,0,0,0,0,0,0,0,0,0,1,0,0,0,0,0,0,0,0,0,0,0,0,0,0,0,0,1,0,0,0,0,0,0,0,0,0,0,0,0,0,0,0,0,0,0,0,0,0,0,0,0,0,0,0,0,0,0,0,0,0,0,0,0,0,0,0,0,0,1,0,0,0,0,0,0,0,0,0,0,0,0,0,0,0,0,0,0,1,0,0,0,0,0,0,0,0,0,0,0,0,0,0,0,0,0,0,0,0,0,0,0,0,0,0,0,0,0,0,0,4,0,0,0
Alps.Call.BU20,0,0,0,0,0,0,0,0,0,0,0,0,1,2,0,0,1,0,2,0,0,0,0,0,0,3,0,0,1,1,0,0,0,0,0,2,0,3,10,0,0,0,2,0,0,0,0,0,0,0,3,0,0,0,0,0,1,0,0,0,19,7,0,2,0,1,0,0,0,0,0,0,0,3,1,0,7,0,0,11,0,0,0,0,0,0,0,0,0,0,0,0,0,0,0,0,0,0,0,0,0,0,0,0,0,0,0,0,0,0,0,1,0,0,0,3,0,0,0,0,0,0,0,0,0,0,0,0,0,1,0,0,0,0,0,0,0,0,0,0,0,0,4,0,6,0,0,19,0,1,0,1,0,0,0,0,0,0,0,0,0,2,2,0,0,4,0,0,1,0,0,0,0,6,1,0,0,2,0,1,0,0,0,0,3,0,0,0,0,0,0,0,0,0,0,3,0,0,0,0,5,0,0,0,0,0,0,0,0,0,0,0,0,0,0,0,0,0,0,0,4,7,0,4,5,0,1,0,8,0,0,8,0,4,0,0,0,0,0,0,0,1,0,0,0,0,0,0,2,0,1,1,0,0,0,0,0,0,2,1,0,0,0,0,0,0,0,8,0,0,0,0,0,2,0,0,0,0,1,2,8,0,0,0,1,0,0,0,3,0,0,0,0,0,0,0,0,0,0,2,0,3,0,0,0,3,1,0,0,0,0,1,0,0,0,4,3,0,0,0,0,2,0,5,0,0,0,2,0,0,0,0,3,1,2,1,3,0,1,5,0,0,0,0,1,3,4,1,0,0,0,0,0,0,0,0,0,0,0,0,0,3,0,0,6,3,2,1,0,0,0,0,0,0,5,0,0,0,0,0,0,1,3,0,0,0,0,0,0,0,0,0,0,0,0,1,0,0,0,0,0,0,0,0,0,0,1,0,0,0,0,0,0,0,0,0,0,0,0,0,0,0,0,0,0,0,0,0,0,0,0,0,0,0,3,0,0,0,0,0,0,0,0,0,0,0,0,0,0,0,0,0,0,0,0,0,0,0,0,0,0,0,0,0,0,0,3,1,2,9,0,0,0,0,0,0,0,1,0,1,0,0,0,0,0,0,0,1,0,0,0,0,0,0,0,0,0,0,0,0,0,0,0,0,0,0,2,0,0,0,0,0,0,0,0,2,0,0,0,0,0,1,0,0,0,0,0,0,0,0,0,0,1,0,0,0,0,0,1,0,0,0,0,0,0,0,0,0,0,0,0,0,0,0,0,0,0,0,0,0,1,0,0,0,0,0,0,0,0,0,0,0,0,0,2,0,0,0,0,0,0,0,0,0,0,0,0,0,0,0,0,0,0,0,0,0,0,0,0,0,0,0,0,0,0,0,0,0,1,0,0,0,0,0,0,0,0,0,0,1,0,0,0,0,0,0,2,0,0,0,0,0,0,0,0,0,0,0,0,0,0,0,0,0,0,0,0,0,0,0,0,1,0,0,0,0,0,0,0,0,0,0,0,0,0,0,0,0,0,0,0,0,1,0,0,0,1,0,1,0,0,0,0,0,0,0,0,0,0,0,0,0,0,1,0,2,0,0,0,0,0,0,0,0,0,0,0,1,0,0,0,0,0,0,0,0,0,0,0,0,0,0,0,0,2,1,0,0,0,0,0,1,0,0,3,0,0,0,0,2,0,3,3,3,0,0,0,0,0,0,0,0,0,0,0,0,0
Alps.Call.BU22,0,0,0,0,0,0,0,0,0,0,0,0,0,0,0,0,2,0,0,0,0,0,7,0,0,2,0,0,1,0,0,0,0,4,0,0,0,5,12,0,0,0,0,1,0,0,0,0,0,0,3,0,0,0,0,0,0,0,0,0,18,9,0,5,0,2,3,0,0,0,2,0,0,2,0,6,4,0,0,2,0,0,0,0,0,0,0,0,0,0,0,0,0,0,0,0,0,0,0,6,0,0,0,0,0,0,0,0,0,0,0,0,2,0,0,3,4,0,0,0,0,2,0,0,0,0,0,0,2,1,0,0,0,0,0,0,0,0,0,0,0,0,7,0,1,0,0,7,0,2,0,0,0,0,0,0,0,0,0,0,0,3,4,0,3,13,0,0,0,0,0,0,10,7,0,0,1,1,0,4,2,0,0,0,2,0,0,0,0,0,0,0,0,0,0,4,0,0,0,0,7,0,0,0,0,0,0,0,0,0,0,0,0,0,0,0,0,0,2,0,4,1,1,0,0,0,0,0,22,0,0,7,0,3,0,0,0,0,0,0,0,0,0,0,0,0,1,0,0,0,4,0,0,0,0,1,0,0,0,1,0,0,0,0,0,0,0,3,0,0,0,0,0,7,0,0,0,0,0,1,3,0,0,2,0,0,0,0,1,0,0,0,0,0,0,0,0,0,0,0,0,1,0,0,0,0,0,0,0,0,0,0,0,0,0,2,3,0,0,0,0,2,0,2,0,0,0,1,0,0,0,0,0,0,1,0,1,3,0,7,0,0,0,0,0,0,0,0,0,0,0,0,0,0,0,0,0,0,0,0,0,0,0,0,1,0,0,0,0,0,0,1,0,0,0,0,0,0,0,0,0,1,0,0,0,0,0,0,0,0,0,0,0,0,0,0,0,0,0,0,0,0,0,0,0,1,0,0,0,0,0,0,0,0,0,0,0,0,0,0,0,0,0,0,0,0,0,0,0,0,0,0,0,0,14,0,0,0,0,0,0,2,0,0,0,0,0,0,0,0,0,0,0,0,0,0,0,0,0,0,0,0,0,0,0,0,0,0,0,5,0,0,1,0,0,0,0,1,0,0,0,0,0,0,0,0,0,0,0,0,0,0,0,0,0,1,0,0,0,0,0,0,0,0,0,0,0,0,0,0,0,0,2,0,2,0,0,0,0,0,0,0,0,0,0,0,0,0,0,0,0,0,0,0,0,0,0,0,0,0,0,0,0,0,0,0,0,0,2,0,0,0,0,0,0,0,0,0,0,0,1,0,0,0,0,0,0,0,0,0,0,0,0,0,0,0,0,0,0,0,0,0,0,0,0,0,0,0,0,0,0,0,0,0,0,0,0,0,0,0,0,1,0,1,0,0,1,0,0,0,0,0,0,0,0,1,0,0,0,0,0,0,0,1,0,0,2,0,0,0,0,0,0,0,0,0,0,0,0,0,0,0,0,0,1,0,0,0,0,0,0,0,0,0,0,0,0,0,0,0,0,0,0,0,0,0,0,0,0,0,0,0,0,0,0,0,0,1,0,0,0,0,0,0,0,0,0,0,0,0,0,0,0,0,0,0,0,0,0,0,0,0,0,0,0,0,0,0,0,2,0,0,0,0,0,0,0,0,0,0,0,0,0,0,0,0,0,0,0,0,0,0,0,0,0,0,0,0,0,0,0,3,1,0,0,0,0,0,0,0,0,0,0,4,1,0,0
Antarct.Tith.GD141,2,0,0,0,0,1,0,0,0,0,5,0,0,0,0,0,0,0,0,0,0,0,2,0,0,0,0,0,0,0,0,0,0,0,0,0,0,0,0,0,0,0,0,0,0,0,0,1,2,0,0,0,0,0,0,0,0,0,0,0,0,0,0,0,0,0,0,0,0,0,0,0,0,0,0,0,0,0,0,0,0,0,0,3,0,0,0,3,2,0,4,0,0,0,4,0,0,0,0,0,1,0,0,0,0,0,0,4,0,0,5,0,0,0,0,0,1,0,0,2,0,0,0,0,0,3,0,0,0,0,2,0,0,0,1,0,0,0,0,0,0,0,0,0,0,0,0,0,0,0,0,0,0,0,0,0,0,0,0,0,0,0,0,0,0,0,0,0,0,0,1,0,0,0,0,0,0,0,0,0,0,1,0,0,0,0,1,0,0,0,0,0,0,1,0,0,0,0,11,0,0,0,0,0,0,0,0,0,0,0,0,0,0,0,0,0,0,0,0,0,0,0,0,0,0,0,0,0,0,0,2,0,1,0,1,0,0,0,0,1,0,0,0,0,0,0,2,0,2,10,0,0,0,0,0,0,0,0,0,0,0,0,0,0,0,39,15,0,12,3,0,3,27,0,0,3,1,0,0,0,0,0,0,0,0,0,0,13,0,0,0,3,0,0,0,0,4,0,7,0,0,0,0,0,0,0,0,0,0,0,0,0,0,0,0,0,0,0,0,0,0,0,0,0,0,0,0,0,0,0,0,0,0,0,0,0,0,0,0,0,0,0,0,0,0,0,0,0,0,0,0,0,0,0,0,0,0,0,0,0,0,0,0,0,0,0,0,0,0,0,0,0,0,0,0,0,0,0,0,0,0,0,0,0,0,0,0,0,0,0,0,0,0,0,0,0,0,0,0,0,0,0,0,0,0,0,0,0,0,0,0,0,0,0,0,0,0,0,1,0,0,0,0,0,2,0,0,5,0,0,0,0,0,0,0,0,0,0,0,0,0,0,0,0,0,0,0,10,0,0,0,0,0,0,0,0,0,0,0,0,0,0,0,0,0,0,0,0,0,0,0,0,0,0,0,0,0,0,0,0,0,0,0,0,0,0,0,0,0,0,0,0,0,0,0,0,0,0,0,0,0,0,0,0,0,1,0,0,0,0,0,0,0,0,0,0,0,0,0,0,2,0,1,2,0,0,0,0,0,0,0,0,0,0,0,0,0,0,0,0,0,0,0,0,0,0,1,0,0,0,0,0,5,0,0,0,0,0,3,0,0,0,0,0,0,0,0,0,0,0,0,0,0,0,0,0,0,0,0,0,0,0,0,0,0,0,0,0,0,0,0,0,0,0,0,0,2,0,0,0,0,0,0,0,0,0,0,0,0,0,0,0,0,0,0,0,0,0,0,0,0,0,0,0,0,0,0,0,0,2,0,0,0,0,1,0,0,0,0,0,0,0,0,0,0,3,11,3,0,0,0,0,0,1,0,0,9,7,0,0,0,0,2,0,0,0,0,0,7,0,0,0,0,0,0,5,0,0,0,0,0,0,0,0,0,0,0,0,0,0,0,1,0,0,0,0,0,0,0,0,0,0,0,0,0,0,0,0,0,0,0,0,0,0,0,0,0,0,0,0,0,0,0,0,0,0,5,0,0,0,0,0,0,0,0,0,0,0,0,0,0,0,0,0,0,0,0,0,0,20,0,0,0,0,0,0,0
Oman.Berr.JB10,0,0,0,0,0,0,0,0,0,0,0,0,0,0,0,0,2,2,0,0,7,0,0,0,0,0,0,0,1,0,0,0,0,0,0,0,10,0,0,4,0,0,0,0,0,0,0,0,0,0,0,0,5,0,0,0,0,0,0,5,0,0,0,0,0,0,0,0,1,0,0,0,0,0,0,0,0,0,0,0,0,0,0,0,0,1,0,0,0,0,0,0,0,0,0,0,0,4,0,0,0,0,1,6,0,0,0,26,2,0,0,0,0,0,0,0,0,0,0,0,0,0,2,0,4,0,0,0,0,0,0,5,0,0,1,0,0,0,0,0,0,0,0,0,0,0,0,0,0,0,0,0,0,0,0,0,0,0,0,0,0,0,0,0,0,0,0,0,0,0,0,0,0,0,0,0,0,0,0,1,0,0,0,0,0,5,0,4,8,0,1,0,3,0,0,0,0,3,0,0,0,0,3,2,1,0,0,0,0,0,1,0,0,0,0,0,0,0,1,0,0,0,0,0,0,0,0,0,0,0,0,0,0,0,0,0,0,0,1,0,0,0,0,0,0,2,0,0,0,0,0,0,1,0,0,0,2,0,0,0,0,0,0,0,9,0,0,5,0,0,0,0,0,0,0,0,0,0,0,0,0,0,0,0,2,0,0,0,0,0,6,0,0,0,0,0,0,0,0,0,0,0,0,0,5,0,0,0,0,0,0,0,0,0,1,0,0,0,0,0,0,0,2,7,2,0,0,1,0,5,0,2,0,2,0,0,1,0,0,0,0,1,0,0,0,0,0,0,0,1,2,0,0,0,0,0,0,10,1,0,2,0,1,1,0,0,0,0,0,0,0,0,0,10,0,9,4,0,7,0,0,0,0,0,0,0,0,0,0,0,0,0,0,0,0,0,0,0,0,0,1,0,0,0,0,0,0,0,0,0,0,0,0,0,0,0,0,0,0,0,0,0,0,8,0,0,0,0,0,0,0,0,0,0,0,0,0,0,0,0,0,0,0,0,0,0,0,0,0,0,0,0,0,0,0,0,0,0,0,0,0,0,0,0,3,0,0,0,0,0,0,0,0,0,0,0,0,0,0,0,0,0,0,0,0,0,0,0,0,0,0,0,0,0,0,0,0,0,0,0,3,0,0,0,0,0,3,0,0,0,2,0,0,0,0,0,0,0,0,0,0,6,0,0,0,0,0,0,0,0,0,0,0,0,0,11,0,0,0,0,1,0,0,0,0,0,0,1,0,0,0,0,0,0,0,0,0,0,0,0,0,0,0,0,0,0,0,0,0,0,0,0,0,0,0,0,0,0,0,0,0,2,0,0,0,0,0,0,1,9,0,0,0,0,0,0,0,0,0,0,1,0,0,2,0,0,0,0,0,0,0,0,0,0,1,0,0,0,0,0,2,0,0,0,2,0,0,0,0,0,0,0,0,0,0,3,0,0,0,0,0,2,0,0,1,0,0,0,0,0,0,0,0,0,0,0,0,0,0,0,0,0,0,0,0,0,0,0,0,0,0,0,0,0,0,0,0,0,0,0,0,0,0,0,0,0,0,0,0,0,0,0,0,0,4,0,0,3,0,0,0,0,0,0,1,0,0,0,0,0,2,3,0,0,0,0,0,0,0,1,0,0,0,0,0,0,0,0,3,0,0,0,0,0,0,0,0,0,0,0,2,0,0,0,1,0,1,0,0,0,0,0,0,0,0,0,0
Oman.Berr.JB11,0,2,0,2,0,0,0,0,0,0,0,0,0,0,0,0,3,1,0,0,6,0,0,4,1,0,0,0,0,0,0,0,0,0,0,0,7,0,0,4,0,0,0,0,0,0,0,0,0,0,0,0,0,0,0,0,0,0,0,0,0,0,0,0,0,0,0,0,2,0,0,0,0,0,0,0,0,0,0,0,0,0,0,0,0,2,0,0,0,0,0,0,0,0,0,0,0,1,0,0,0,0,0,1,0,0,0,23,0,0,0,0,0,0,0,0,0,0,0,0,0,0,0,0,0,0,0,0,0,0,0,2,0,0,1,0,0,0,0,0,0,0,0,0,0,0,0,0,0,0,0,0,0,0,0,0,0,1,0,0,0,0,0,0,4,0,0,0,0,0,0,0,1,0,1,0,0,0,0,2,0,0,0,0,0,0,0,2,0,0,0,0,0,0,0,0,0,2,0,1,0,0,0,1,1,0,0,0,0,0,0,0,0,0,0,0,0,0,0,0,0,0,0,0,0,0,0,0,0,0,0,0,0,0,0,0,0,0,0,0,0,0,0,0,0,2,0,0,0,0,0,0,2,1,0,1,1,0,0,0,0,0,0,0,4,0,0,5,0,0,0,0,0,0,0,0,0,0,0,0,0,0,0,1,0,0,0,0,0,0,4,0,0,0,0,0,0,0,0,0,0,0,0,0,3,0,0,0,0,0,0,0,0,0,0,0,0,0,0,0,4,0,0,1,0,0,1,0,0,0,0,0,1,0,0,0,0,0,0,0,0,1,0,0,0,0,0,0,0,0,0,0,0,0,0,0,0,3,3,0,2,0,1,0,0,0,0,0,0,0,0,0,0,1,0,5,0,0,4,0,0,0,0,0,0,0,0,0,0,0,0,0,0,0,0,0,0,0,3,0,1,0,0,0,0,0,0,0,0,0,0,0,0,0,0,0,0,0,0,0,0,0,0,5,0,0,0,0,0,0,0,0,0,1,0,1,0,0,0,0,0,0,0,0,0,0,0,0,0,0,0,0,0,0,0,0,0,0,0,0,0,0,0,0,0,0,0,0,0,0,0,0,0,0,0,0,0,0,0,0,0,0,0,0,0,0,0,0,0,0,0,0,0,0,0,0,1,0,0,0,0,0,0,0,0,0,2,0,0,0,0,3,0,0,0,1,0,0,0,0,0,1,0,0,0,0,0,0,0,0,0,0,0,0,0,8,0,0,0,0,5,0,0,0,0,0,0,3,0,0,0,0,0,0,0,0,0,0,0,0,0,0,0,0,0,0,0,0,0,0,0,0,0,0,0,0,0,0,0,0,0,0,0,0,0,0,0,0,0,0,0,0,0,0,0,0,0,0,2,0,0,0,0,1,0,0,0,0,0,0,0,0,0,0,0,0,0,0,0,0,0,0,0,0,0,0,0,0,0,0,0,0,0,0,0,2,0,0,0,0,0,1,0,0,0,0,0,0,0,0,0,0,0,0,0,0,0,0,0,0,0,0,0,0,0,0,0,0,0,0,0,0,0,0,0,0,0,0,0,0,0,0,0,0,0,0,0,0,0,0,0,0,0,0,0,0,0,0,0,0,0,0,0,1,0,0,0,0,0,0,1,1,0,0,0,0,0,1,0,0,0,0,1,0,0,0,0,0,1,0,0,0,0,0,0,0,0,0,0,0,0,0,0,0,0,0,0,0,0,0,0,0,0,0,0,0,0
Oman.Berr.JB15,0,1,0,4,0,0,0,0,0,0,0,0,0,0,0,0,4,0,0,0,7,0,0,0,1,0,0,1,0,0,0,0,0,0,0,0,3,0,0,1,0,0,0,0,0,0,0,0,0,0,0,0,1,0,0,4,0,0,0,2,0,1,0,0,0,0,0,0,0,0,0,0,0,0,1,3,0,0,0,0,0,0,0,0,0,1,0,0,0,0,0,0,0,0,0,0,0,0,0,0,0,0,0,1,0,0,0,6,0,0,0,0,0,0,0,0,0,0,0,0,0,0,2,0,0,0,0,0,0,0,0,0,0,0,3,0,0,0,0,0,0,0,0,0,0,0,0,0,0,0,0,0,0,0,0,0,0,0,1,0,0,0,0,0,0,1,0,0,0,0,0,0,0,0,1,0,0,0,1,0,0,0,0,0,0,0,0,0,0,0,0,0,0,0,0,0,0,3,0,0,0,0,0,0,0,0,2,0,0,0,0,0,0,0,0,0,0,0,1,2,0,0,0,0,0,0,0,2,0,0,0,0,0,0,0,0,0,0,0,0,0,0,0,0,2,0,0,0,0,0,0,0,3,6,0,0,3,0,0,0,0,0,0,0,2,0,0,0,0,0,0,0,0,0,0,0,0,0,0,0,0,0,1,2,2,0,0,0,0,0,2,0,0,0,0,0,0,0,0,0,0,0,0,0,9,0,0,0,0,0,0,0,0,0,0,0,0,0,0,0,0,0,4,2,2,0,0,4,0,3,0,0,0,1,0,0,0,0,0,0,0,2,0,0,0,0,0,0,0,0,0,0,1,0,0,0,0,3,0,0,0,0,0,0,0,0,0,0,0,0,0,0,0,1,0,7,2,0,3,0,0,0,0,0,0,0,0,0,0,0,0,0,0,0,0,0,0,0,0,0,0,0,0,0,0,0,0,0,0,0,0,0,0,1,0,0,0,0,0,0,0,0,0,1,0,0,0,0,0,0,0,0,0,0,0,0,0,0,0,0,0,0,0,0,0,0,0,0,0,0,0,0,0,0,0,0,0,0,0,0,0,0,0,0,1,0,0,0,0,0,0,0,0,0,0,0,0,0,0,0,0,0,0,0,0,0,0,0,0,0,0,0,0,0,0,0,0,0,0,0,0,0,0,0,0,0,0,0,0,0,1,0,0,0,0,0,0,0,0,0,0,0,0,0,0,0,0,0,0,0,0,0,0,0,0,0,0,0,0,0,2,0,0,0,0,0,0,1,0,0,0,0,0,0,0,0,0,0,0,0,0,0,0,0,0,0,0,0,0,0,0,0,0,0,0,0,0,0,0,0,0,0,0,0,0,0,0,0,0,1,0,0,0,0,0,0,0,0,1,0,0,0,0,0,0,0,0,0,0,0,0,0,0,0,0,0,0,0,0,0,0,0,0,0,0,0,0,0,0,0,0,0,0,0,0,4,0,0,0,0,0,0,0,0,0,0,0,0,0,0,0,0,0,0,0,0,0,0,0,0,0,0,0,0,0,0,0,0,0,0,0,0,0,0,0,0,0,0,0,0,0,0,0,0,0,0,0,0,0,0,0,0,1,0,0,0,0,0,0,0,0,0,0,0,0,0,0,0,0,0,0,0,0,0,0,0,1,0,0,1,0,0,0,0,0,0,0,0,0,0,0,0,0,0,0,0,0,0,0,0,0,0,0,0,0,0,0,0,0,0,0,0,1,0,0,0,0
Oman.Berr.JB19,0,1,0,3,0,0,0,0,0,0,0,0,0,0,0,0,5,0,0,0,15,0,0,2,10,0,0,0,0,0,0,0,0,0,0,0,6,0,0,0,1,0,0,0,0,0,1,0,0,0,1,0,8,0,0,2,2,0,0,4,0,0,0,0,1,0,0,2,5,1,0,2,5,0,0,0,0,0,0,0,0,0,0,0,0,4,0,0,0,0,0,0,0,0,0,0,0,0,0,0,0,0,0,0,0,0,0,1,2,0,0,0,0,0,0,0,0,0,0,0,0,0,12,1,2,0,0,0,0,2,0,0,1,4,1,0,0,0,0,0,0,0,0,0,0,1,0,0,4,0,0,0,0,1,0,0,0,0,0,0,0,0,0,0,2,0,0,0,0,0,0,0,0,1,0,0,0,0,0,1,0,0,0,0,0,3,0,3,0,0,3,0,0,0,0,0,3,5,0,1,0,0,1,2,0,0,0,0,0,0,2,0,0,0,0,0,0,1,0,0,0,0,0,0,0,2,0,2,0,0,0,0,0,0,0,0,1,0,2,0,1,0,0,0,0,0,1,0,0,0,0,0,1,0,0,1,4,0,0,0,0,0,0,0,5,0,0,3,0,0,0,0,0,0,0,0,0,0,0,0,0,0,3,4,8,4,0,0,0,0,5,0,0,0,0,0,0,0,0,0,0,0,0,0,3,0,0,1,0,0,0,0,0,0,0,0,0,0,0,0,0,0,1,6,1,0,0,0,0,0,0,3,0,1,0,0,0,0,0,0,0,0,0,0,0,0,0,0,0,0,0,0,0,1,0,0,0,4,0,0,1,0,0,0,0,0,0,0,0,0,0,0,0,1,0,6,2,0,6,0,0,0,0,0,0,1,0,0,0,0,0,0,0,0,2,0,0,0,0,0,2,0,0,0,0,0,0,0,0,0,0,0,0,13,1,0,0,0,0,0,0,1,0,6,0,1,0,0,0,0,0,1,2,1,0,0,0,0,0,1,0,0,0,0,0,0,0,0,0,1,2,0,0,1,0,0,1,0,0,0,0,0,0,0,0,0,0,0,0,1,0,0,0,0,0,0,0,0,0,0,0,0,0,0,0,0,0,0,0,0,0,0,0,0,0,0,0,0,0,0,1,0,0,0,0,0,1,4,4,1,2,1,0,0,0,0,0,0,0,0,0,0,0,0,0,0,0,0,0,0,0,0,0,0,0,5,0,0,0,0,10,0,0,0,0,0,0,7,0,0,0,0,0,0,0,0,1,0,0,0,0,0,0,0,0,1,0,0,0,0,1,0,0,1,0,0,0,0,0,0,1,0,0,0,0,0,0,0,0,0,0,0,0,0,0,0,0,0,0,0,0,0,0,0,1,0,0,0,2,0,0,0,0,0,0,0,0,0,0,0,0,0,0,0,0,0,0,0,0,0,0,0,0,0,0,6,3,0,2,2,0,0,0,0,1,0,0,0,0,0,0,0,0,0,0,0,0,0,0,0,0,1,0,0,1,0,0,0,0,0,0,0,0,0,0,0,0,0,0,0,0,0,0,0,0,0,0,0,0,0,2,0,0,0,0,0,0,0,0,0,0,0,0,0,0,0,0,0,0,0,0,0,0,0,1,0,0,0,0,2,0,0,0,0,0,0,0,0,3,0,0,0,0,0,0,0,0,0,0,0,0,0,0,0,0,0,1,0,0,0,0,0,0,0,0,0,0
Oman.Berr.JB21,0,7,0,2,0,0,0,0,0,0,0,0,0,0,0,0,0,0,0,2,2,0,0,2,10,2,0,0,0,0,0,0,0,0,0,0,6,0,0,3,0,0,0,0,0,2,0,0,0,0,3,0,3,0,0,8,0,0,0,6,0,0,0,0,1,0,0,1,0,2,0,0,0,0,1,0,0,0,0,0,0,0,0,0,0,5,0,0,0,0,0,0,0,0,0,0,0,0,0,0,0,0,0,1,0,0,0,6,0,0,0,0,0,0,0,0,0,0,0,0,0,1,7,0,1,0,0,0,0,1,0,0,2,0,0,0,0,0,0,0,0,0,0,0,0,0,0,0,2,0,0,0,0,0,0,0,0,0,0,0,0,0,0,0,2,0,0,0,0,0,0,0,3,0,0,0,1,0,3,1,0,0,0,0,0,2,0,0,0,0,1,0,0,0,0,0,0,0,0,0,0,0,0,0,0,0,0,0,0,0,0,0,0,0,0,0,0,0,0,0,0,0,0,0,0,0,0,0,0,0,0,0,0,0,0,0,0,0,0,0,1,0,0,0,1,2,1,1,0,0,0,0,1,2,2,1,13,0,0,0,0,0,0,0,6,0,0,0,0,0,0,0,0,0,0,0,0,0,0,0,0,0,16,5,3,0,0,0,0,0,2,0,0,0,0,0,0,0,0,0,0,0,0,0,4,0,0,1,0,0,0,0,0,0,0,0,0,0,0,0,0,0,0,6,0,0,0,2,0,0,0,1,1,2,0,0,0,0,0,0,0,0,0,0,0,0,0,0,0,0,0,0,0,0,0,0,0,3,0,0,2,0,1,0,0,0,0,0,0,0,0,0,0,6,0,3,0,0,1,0,0,0,0,0,0,0,0,0,1,0,0,0,0,0,0,0,0,0,2,0,0,0,0,0,1,0,0,0,0,0,0,0,0,3,0,0,0,0,0,0,0,0,0,9,0,0,0,0,0,0,0,0,0,1,0,0,0,0,0,0,0,0,0,0,0,0,0,0,0,0,0,0,0,1,0,0,0,0,0,0,0,0,0,0,1,0,0,0,0,0,0,0,0,0,0,0,0,0,0,0,0,0,0,0,0,0,0,0,1,0,0,0,0,0,0,0,0,0,0,0,9,0,0,0,4,0,0,0,7,1,3,3,0,0,0,0,0,0,0,0,0,0,0,0,0,0,0,0,0,0,0,0,0,0,0,3,0,0,0,0,16,0,0,0,0,0,0,3,0,0,0,0,0,0,0,0,0,0,0,0,0,0,0,0,0,0,0,0,0,0,1,0,0,0,0,1,1,0,0,1,0,1,0,0,0,0,0,0,1,1,1,0,0,0,0,0,0,0,1,0,0,0,0,0,0,0,0,0,1,0,0,0,0,0,1,0,0,0,0,0,0,0,0,0,1,0,0,0,0,0,0,0,0,0,0,0,0,0,0,0,0,0,0,8,0,0,0,0,0,0,0,0,0,0,0,0,0,0,0,0,2,0,0,1,3,0,0,0,0,0,0,0,0,0,0,0,0,0,0,0,0,0,0,0,0,0,0,0,0,0,0,0,0,0,0,0,0,0,0,0,0,0,0,0,0,0,0,0,0,0,0,0,0,0,0,0,0,1,0,0,0,0,0,0,0,0,0,0,1,0,0,0,0,0,0,0,0,0,0,0,1,0,0,0,2,0,0,0,0,0,0,0,0,0,0,0,0
Oman.Berr.JB32,0,0,0,1,0,0,0,0,0,0,0,0,0,0,0,0,11,1,0,0,6,0,0,2,15,0,0,1,0,0,0,0,0,0,0,0,9,0,0,2,0,2,0,0,0,1,0,0,0,0,0,0,5,0,0,1,0,0,0,9,0,1,0,0,4,0,0,1,0,3,0,0,3,0,0,0,0,0,0,0,0,0,0,0,0,4,0,0,0,0,0,0,0,0,0,0,0,0,0,0,0,0,0,3,0,0,0,15,2,0,0,0,0,0,0,0,0,0,0,0,0,0,2,0,2,0,0,0,1,0,0,0,0,2,2,0,0,0,0,0,0,0,0,0,0,0,0,0,0,0,0,0,0,0,0,0,0,2,0,0,0,0,0,0,1,0,0,0,0,0,0,0,2,2,4,0,0,0,2,1,0,0,0,0,0,2,0,1,2,0,1,0,0,0,0,0,0,0,0,0,0,0,0,2,3,0,0,0,0,0,1,0,0,0,0,0,0,0,0,0,0,0,0,0,0,0,0,0,0,0,0,0,0,0,0,0,0,0,4,0,0,0,0,0,0,3,2,0,0,0,0,0,5,4,0,3,6,0,0,0,0,0,0,0,10,0,0,1,0,0,0,0,0,0,0,0,0,0,0,0,0,0,3,1,2,4,0,0,0,0,7,0,0,0,0,0,0,0,0,0,0,0,0,0,4,0,0,0,0,0,0,0,1,0,0,0,0,0,0,0,0,0,3,4,0,0,1,2,0,0,0,0,1,1,0,0,0,0,0,0,0,0,0,0,0,0,0,0,0,0,0,0,0,1,0,0,0,5,0,0,0,0,0,0,0,0,0,0,0,0,0,0,0,8,0,9,5,0,2,0,0,0,0,1,0,1,0,0,0,0,0,0,0,0,0,0,0,0,1,0,4,0,0,0,0,0,0,0,0,0,0,0,0,9,0,0,0,0,0,0,0,0,0,4,0,0,0,0,0,0,0,0,1,0,0,0,0,0,0,5,0,0,0,0,0,0,0,0,0,0,0,0,0,0,0,0,0,0,0,0,0,0,0,0,0,0,0,0,0,1,0,0,0,0,0,0,0,0,2,0,0,0,0,1,0,0,0,0,0,0,0,0,0,0,0,0,0,0,0,1,2,0,0,0,7,0,2,0,0,0,5,2,0,0,0,0,0,0,0,0,0,0,0,0,0,0,0,0,0,0,0,0,0,0,0,4,0,0,0,0,14,0,0,0,0,0,0,6,0,0,0,0,0,0,0,0,4,0,0,0,0,0,0,0,1,0,0,0,0,0,0,0,0,0,0,0,0,0,0,0,0,0,0,4,0,0,0,0,0,0,0,0,0,0,0,0,0,0,0,0,1,0,0,0,0,0,0,0,0,0,0,0,0,0,0,0,0,0,0,0,0,0,0,0,0,0,0,0,0,0,0,0,0,0,0,4,1,0,0,0,1,0,0,7,1,0,0,0,0,0,0,0,0,0,0,0,0,0,0,0,0,0,0,0,1,0,0,0,0,0,0,0,0,0,0,0,0,0,0,0,0,0,0,0,0,0,0,0,0,0,0,0,1,0,0,0,0,0,0,1,0,0,0,0,0,0,0,0,0,0,0,0,0,0,0,0,0,0,0,0,0,0,0,0,0,0,0,0,1,0,0,0,0,0,0,0,0,0,0,0,1,0,0,0,6,0,1,0,0,0,0,0,0,0,0,0,0
Oman.Berr.JH13,0,1,0,5,0,1,0,0,0,0,0,0,0,0,1,0,0,0,0,0,4,0,0,2,3,0,0,0,0,0,0,1,0,0,0,0,1,0,0,0,0,0,0,0,0,0,0,0,0,0,0,0,1,0,0,0,0,0,0,3,0,0,0,0,0,0,0,0,2,0,0,0,0,0,0,0,1,0,0,0,0,0,0,0,0,0,0,0,0,0,0,0,0,0,0,0,0,4,0,0,0,0,0,2,1,0,0,13,0,0,0,0,0,0,0,0,0,0,0,0,0,0,0,0,2,0,0,0,0,0,0,1,0,1,0,0,0,0,0,0,0,0,0,2,0,0,0,0,0,0,0,0,0,0,0,0,0,0,0,0,0,0,0,0,0,0,0,0,0,0,0,0,0,0,3,0,0,0,0,0,0,0,0,0,0,0,0,13,6,0,1,0,0,0,0,0,2,1,0,8,0,0,1,3,1,0,0,0,0,0,1,0,0,0,0,0,0,1,0,0,0,0,0,0,0,0,0,1,0,0,0,0,0,0,0,0,0,0,5,0,0,0,0,0,0,3,0,0,0,0,0,0,0,2,0,0,0,0,0,0,0,1,0,0,10,0,0,0,0,0,0,0,0,0,0,0,0,0,0,0,0,0,0,0,2,4,0,0,0,0,0,0,0,0,0,2,0,0,0,0,0,0,0,0,19,0,0,5,0,0,1,1,0,0,0,0,1,0,0,0,2,0,4,2,0,0,1,0,0,1,0,0,1,2,0,0,0,0,0,0,0,1,0,0,0,0,0,5,0,0,0,0,0,0,0,0,0,4,0,0,1,0,1,0,0,0,0,0,0,0,0,0,0,10,0,6,1,0,9,0,0,0,0,0,0,2,0,0,0,0,0,0,0,0,0,0,0,0,0,0,1,0,0,0,0,0,0,0,0,0,0,0,0,0,0,0,0,0,0,0,0,0,0,1,0,0,0,0,0,0,0,0,0,0,0,1,0,0,0,0,0,0,0,0,0,0,0,0,0,0,0,0,0,0,0,0,0,0,0,0,0,0,0,0,0,0,0,0,0,0,0,0,0,0,0,0,0,0,0,0,0,0,0,0,0,0,0,0,0,0,0,0,0,0,0,0,0,0,0,0,0,0,0,0,0,0,0,0,0,0,0,0,0,0,0,0,0,0,0,0,0,0,0,0,0,0,0,0,0,0,0,0,0,0,0,1,0,0,0,0,0,0,0,0,0,0,0,0,0,0,0,0,0,0,0,0,0,0,0,0,0,0,0,0,0,0,0,0,0,0,0,0,0,0,0,0,0,0,0,0,0,0,0,0,0,0,0,0,0,0,0,0,0,0,0,0,0,0,0,0,1,0,0,0,2,0,0,0,0,0,1,0,0,0,0,0,0,0,0,0,0,0,0,0,1,0,0,0,0,0,0,0,0,0,0,12,0,0,8,0,4,0,0,0,3,0,0,0,0,0,0,0,0,0,0,0,0,0,0,0,0,0,0,0,0,2,0,0,0,0,0,0,0,0,0,0,0,0,0,0,0,0,0,0,0,0,0,0,0,0,0,1,1,0,0,0,0,0,0,0,0,0,0,0,0,0,0,0,0,0,0,0,0,0,0,0,0,0,0,0,0,0,0,0,0,0,0,0,2,0,0,0,0,0,0,0,0,0,0,0,1,0,0,0,0,0,2,0,0,0,0,0,0,0,0,0,0
Oman.Berr.JH16,0,1,0,4,0,0,0,0,0,0,0,0,0,0,1,0,0,0,0,0,3,0,0,2,2,0,0,0,0,0,0,1,0,0,0,0,1,0,0,0,0,1,0,0,0,0,0,0,0,0,0,0,3,0,0,10,0,0,0,4,0,0,0,0,1,0,0,0,0,0,0,0,0,0,0,0,1,0,0,0,0,0,0,0,0,2,0,0,0,1,0,0,0,1,0,0,0,13,0,0,0,0,0,7,0,0,0,69,0,0,0,0,0,0,0,0,0,0,0,0,0,0,0,0,0,0,0,0,1,0,0,0,0,0,0,0,0,0,0,0,0,0,0,0,0,0,0,0,0,0,0,0,0,0,0,0,0,0,0,0,0,0,0,0,3,1,0,0,0,0,0,0,0,0,6,1,1,0,0,0,0,0,0,0,0,0,0,2,2,0,1,0,1,0,0,0,0,3,0,3,0,0,3,6,3,0,0,0,0,0,0,0,0,0,0,2,0,0,0,0,0,0,0,0,0,0,0,1,0,0,0,0,0,0,0,1,0,0,6,0,0,0,0,0,0,3,2,0,0,0,0,0,3,1,0,0,1,0,0,0,0,0,0,0,8,0,0,1,0,0,0,0,0,0,0,0,0,0,0,0,0,0,0,0,5,1,0,0,0,0,12,0,0,0,0,0,0,0,0,0,0,0,0,0,7,0,0,2,0,0,0,0,0,0,0,0,0,0,0,0,2,0,1,5,0,0,1,0,1,1,0,0,0,0,0,0,0,0,0,0,0,1,0,0,0,0,0,0,0,0,0,1,0,1,0,0,0,7,0,0,3,0,0,3,0,0,0,0,0,0,0,0,0,5,0,5,0,0,3,0,0,0,0,0,0,5,0,0,0,0,0,0,0,0,0,0,0,0,0,0,2,0,0,0,0,0,0,0,0,0,0,0,0,1,0,0,0,0,0,0,0,0,0,4,0,0,0,0,0,0,0,0,0,1,0,0,0,0,0,0,0,0,0,0,0,0,0,0,0,0,0,0,0,0,0,0,0,0,0,0,0,0,0,0,0,0,0,0,0,0,0,0,0,0,0,0,0,0,0,0,0,0,0,0,0,0,0,0,2,0,0,0,0,0,0,0,0,0,0,1,1,0,0,0,0,0,0,0,0,0,0,0,0,0,0,0,0,0,0,0,0,0,0,0,0,0,0,0,0,0,0,0,0,0,0,1,0,0,0,0,0,0,0,0,0,0,0,4,0,0,0,0,0,0,0,0,1,0,0,0,0,0,0,0,0,0,0,0,0,0,0,0,0,0,0,0,0,0,0,0,0,0,0,0,0,0,0,0,0,0,1,0,0,0,0,0,0,0,0,0,0,0,0,0,2,0,0,1,0,0,0,0,5,2,0,0,0,0,0,0,0,0,0,0,0,0,0,0,0,0,0,0,0,0,0,3,3,0,2,0,4,0,0,0,2,0,0,0,0,0,0,0,0,0,0,0,0,0,0,0,1,0,1,0,0,0,0,0,0,0,0,0,0,0,0,0,0,0,0,0,0,0,0,0,0,0,0,0,0,0,0,0,0,0,0,0,0,1,0,0,0,0,0,0,0,0,0,0,0,0,0,1,1,0,1,0,0,0,1,0,0,0,2,0,0,0,0,0,6,0,0,0,0,0,0,0,0,0,0,0,7,0,0,0,0,0,1,0,0,0,0,0,0,0,0,0,0
Antarct.Kimm.K81,0,0,0,0,0,0,1,0,0,0,8,0,2,0,0,1,1,1,0,0,0,0,0,0,0,0,0,0,2,0,0,0,0,0,0,0,0,0,0,0,0,0,0,0,0,0,0,2,2,0,0,0,0,0,0,0,0,0,0,0,0,0,0,0,0,0,0,0,0,0,0,0,0,1,0,0,0,0,0,0,0,0,0,8,0,0,0,0,0,0,0,0,0,0,0,0,0,0,0,0,4,0,0,0,4,0,7,12,0,35,1,0,0,0,0,0,0,0,3,0,0,0,0,0,0,0,0,0,1,0,0,0,0,0,0,0,0,0,0,0,0,0,0,0,0,0,2,0,0,0,0,0,0,0,0,0,0,0,0,0,0,0,0,0,0,0,0,1,0,0,0,0,0,0,0,1,0,0,0,0,0,0,0,0,0,0,0,0,0,10,0,1,2,1,0,0,0,0,40,0,0,0,0,0,0,0,0,0,1,0,0,0,0,0,0,0,0,0,0,0,0,0,0,0,0,0,0,0,0,1,0,0,0,0,3,0,0,0,0,0,0,0,0,0,0,0,2,0,1,0,0,0,0,0,0,0,0,0,0,0,0,0,0,0,3,3,0,0,0,6,0,0,3,0,0,0,0,5,0,3,0,0,0,0,0,0,0,0,0,2,0,6,0,0,0,0,4,0,0,0,0,0,0,0,0,0,0,0,0,0,0,0,0,0,0,1,0,0,0,0,0,0,0,0,0,0,0,0,0,1,0,0,0,0,0,0,0,0,0,0,0,0,0,0,0,0,0,0,0,0,0,0,0,0,0,0,0,0,0,0,0,0,0,0,0,0,0,0,0,0,0,0,0,0,0,0,0,0,0,6,0,0,0,0,1,0,0,0,0,0,0,0,0,2,0,0,1,0,0,6,0,0,1,0,0,0,0,0,0,0,0,0,0,0,0,0,0,0,0,0,0,0,0,0,0,0,0,0,0,0,0,0,0,0,0,0,1,0,0,0,0,0,0,0,0,0,0,0,0,0,0,0,0,0,0,1,15,1,6,0,1,0,0,0,0,0,0,0,0,0,0,0,0,2,2,0,0,0,0,0,0,0,0,0,2,0,0,0,0,0,0,0,0,0,0,0,0,0,0,3,0,0,0,0,0,0,0,0,0,0,0,0,0,0,0,10,2,0,0,0,0,0,0,1,2,0,0,0,0,1,0,0,0,0,0,0,0,0,0,0,0,0,0,0,3,0,0,0,0,0,14,0,3,0,0,0,0,0,0,0,0,1,2,0,0,0,0,0,0,0,0,0,0,0,0,0,0,0,0,0,0,0,0,0,0,0,0,0,0,0,0,2,0,0,0,0,0,0,0,0,0,0,0,0,0,0,0,0,0,0,0,0,0,0,0,0,0,0,0,0,0,0,0,0,0,2,0,4,0,1,0,0,0,0,0,0,0,0,0,0,0,0,0,0,0,0,0,0,0,0,0,0,0,0,0,0,1,1,0,0,0,0,0,0,0,0,0,0,33,0,6,0,0,0,0,3,0,0,0,0,0,0,0,0,0,0,0,0,0,0,0,0,0,0,0,0,0,0,1,0,0,0,0,0,0,0,0,0,0,0,0,0,0,7,0,0,0,0,0,0,0,0,0,0,0,0,0,0,0,0,0,0,0,0,0,1,0,0,2,0,0,0,0,0,0,0,0,0,0,0,5,1,0,0,0,0,0
Antarct.Kimm.K12,2,0,0,0,0,0,0,0,0,0,0,0,0,0,0,0,3,0,0,0,0,1,0,0,1,0,0,0,0,0,0,0,0,0,0,0,0,0,0,0,0,0,0,0,0,0,0,4,8,0,0,0,0,0,0,0,0,0,0,0,0,0,0,0,0,0,0,0,0,0,0,0,0,0,0,0,0,0,0,0,0,0,0,1,0,0,0,0,1,0,0,1,0,0,0,0,0,0,0,0,0,0,0,0,0,0,0,0,0,0,0,0,0,0,0,0,0,3,0,0,0,0,0,0,0,0,0,0,1,0,0,0,0,0,0,0,0,0,0,0,0,0,0,0,0,0,0,0,0,0,0,0,0,0,0,0,0,0,0,0,0,0,0,0,0,0,0,0,0,5,0,0,0,0,0,0,0,0,0,0,0,0,0,0,0,0,0,0,0,0,0,0,0,0,0,0,0,0,22,0,0,0,0,0,0,0,0,0,0,0,0,0,0,0,0,0,0,0,0,0,0,0,0,0,0,0,0,0,0,0,2,0,0,0,0,0,0,0,0,0,0,0,0,0,0,0,0,0,0,0,0,0,0,0,0,0,0,0,0,0,0,0,0,0,0,2,7,0,0,0,0,5,4,0,0,0,0,35,0,3,0,0,0,0,0,0,0,1,0,0,0,0,0,14,0,0,9,0,1,0,1,0,0,0,0,0,0,0,0,0,0,0,0,0,0,0,0,0,0,0,0,0,0,0,0,0,0,0,0,0,0,0,0,0,0,0,0,0,0,0,0,0,0,0,0,0,0,0,0,0,0,0,0,0,0,0,0,0,0,0,0,0,0,0,0,0,0,0,0,0,0,0,0,0,0,0,0,0,0,0,0,0,2,0,0,0,0,0,0,0,0,0,0,0,0,0,0,0,0,0,0,0,0,0,0,0,0,0,0,0,0,0,0,0,0,0,0,0,0,0,0,0,0,0,0,0,1,0,0,0,0,0,0,0,0,0,0,0,0,0,0,0,0,0,0,0,0,0,0,0,0,0,0,0,0,0,2,2,5,0,0,0,0,0,0,0,0,0,0,0,0,0,0,0,1,0,0,0,0,0,0,1,4,0,0,0,0,0,0,0,0,0,0,0,0,0,0,0,0,3,0,0,0,0,2,0,0,0,0,0,0,0,0,0,0,16,0,0,1,0,0,0,0,0,0,0,0,0,0,0,0,0,0,0,0,0,2,0,2,1,0,0,0,0,0,4,5,0,0,0,0,0,0,1,0,0,0,0,0,0,0,0,0,0,0,0,0,0,0,0,0,0,0,0,0,0,0,0,0,0,0,0,0,0,1,0,0,0,0,0,0,2,0,0,0,0,0,0,0,0,0,0,0,0,0,0,1,0,0,0,0,0,0,0,0,0,0,0,0,0,0,0,0,0,0,0,0,2,0,0,0,0,0,0,0,0,0,2,0,0,0,0,0,0,0,1,4,0,0,0,1,0,0,2,0,0,0,0,0,0,0,0,0,0,0,0,0,0,5,0,4,0,0,0,0,0,0,0,0,0,0,0,0,1,0,0,0,0,0,0,0,2,0,0,0,0,0,0,0,0,0,0,0,0,0,0,0,0,0,0,0,0,0,0,0,0,0,0,0,0,0,0,0,0,0,0,0,0,0,0,0,0,0,0,0,0,1,0,0,0,0,0,0,0,0,0,0,0,0,1,0,0,0,0,0,0,0
Antarct.Tith.K25,0,0,0,0,1,0,1,3,0,0,4,0,0,0,0,0,1,0,0,0,0,0,1,0,0,0,0,0,0,0,0,0,0,0,0,0,0,0,0,0,0,0,0,0,0,0,0,2,2,0,0,0,0,0,0,0,0,0,0,0,0,0,0,0,0,0,0,0,0,0,0,0,0,0,0,0,2,0,0,0,0,0,0,8,0,0,11,0,0,1,6,5,0,0,3,0,0,0,1,0,1,0,3,0,0,0,0,8,0,3,2,0,0,0,1,0,0,0,2,4,7,0,1,0,0,0,0,0,0,0,0,0,0,0,1,1,0,0,0,0,0,0,0,0,0,0,0,0,0,0,0,0,0,0,0,0,0,0,0,0,0,0,0,0,0,0,0,0,0,0,0,0,0,0,0,5,0,0,0,2,0,0,0,0,0,0,0,0,0,1,0,0,10,1,3,0,0,0,8,0,0,0,0,0,0,0,5,0,1,3,0,0,0,0,0,0,0,0,0,0,0,0,0,0,0,0,0,0,0,0,0,0,8,0,0,0,0,0,0,24,0,0,0,0,0,0,0,1,0,4,0,0,0,0,0,0,0,0,0,0,0,0,4,0,0,12,2,0,13,12,0,21,0,0,0,0,6,1,0,1,0,0,0,0,0,0,0,1,1,2,0,1,0,9,11,0,25,0,3,0,0,0,0,0,0,0,0,0,0,0,0,0,0,0,0,0,0,0,0,0,0,0,0,0,0,0,0,0,0,0,0,0,0,0,0,0,0,0,0,0,0,0,0,0,0,0,0,0,0,0,0,0,0,0,0,0,0,0,0,0,0,0,0,0,0,0,0,0,0,0,0,0,0,0,0,0,0,0,0,6,0,0,0,0,1,0,0,0,0,0,0,1,0,3,0,0,0,0,0,2,0,0,0,5,0,0,0,0,0,0,3,1,0,0,0,0,0,0,0,0,0,0,5,0,5,0,0,3,1,0,0,0,0,0,0,0,0,0,0,0,0,0,0,3,2,0,0,2,0,0,0,0,0,1,2,0,0,11,3,0,0,1,0,0,0,0,0,0,0,0,0,0,0,5,0,0,0,0,0,0,5,1,0,0,5,0,1,0,0,0,1,0,0,0,0,0,0,5,2,0,0,1,0,0,2,0,0,0,0,0,1,0,0,0,0,12,0,0,0,0,0,0,0,1,4,1,0,0,0,0,0,2,0,2,0,0,6,0,3,0,1,1,3,0,1,4,6,0,0,0,0,0,4,1,0,0,0,0,0,0,0,0,0,0,0,0,0,0,0,0,0,0,0,0,0,0,0,0,0,0,0,0,0,0,0,0,0,0,0,0,0,1,0,0,0,0,0,0,0,0,0,0,0,0,0,0,0,0,0,0,0,0,0,0,0,0,0,0,0,0,0,0,0,0,0,0,0,0,0,1,1,0,1,0,0,0,0,0,0,0,0,0,0,0,0,16,6,0,1,1,10,0,0,0,0,0,7,27,0,0,0,0,0,0,0,0,0,0,14,0,16,0,0,2,4,13,0,0,0,0,1,0,0,4,0,0,0,0,0,0,0,0,0,0,0,0,0,0,0,0,0,0,0,0,0,0,0,0,0,0,0,0,0,4,0,0,0,0,0,0,0,0,0,0,0,0,0,0,0,1,0,0,0,0,0,0,0,0,0,0,0,0,0,0,0,0,0,0,3,7,4,2,0,0,0,0,0
Antarct.Kimm.K141,0,6,0,0,0,0,0,2,0,0,0,1,0,0,0,1,4,0,0,0,0,0,0,0,0,0,0,0,0,0,0,0,1,0,0,0,0,0,0,0,0,0,0,0,0,0,0,1,0,0,2,0,0,0,0,0,0,0,0,0,0,0,0,0,0,0,0,0,0,0,0,0,0,0,0,0,0,0,0,0,0,0,0,6,0,0,3,0,0,0,5,0,0,0,12,0,0,0,4,0,0,0,11,0,0,1,1,4,0,9,8,0,0,0,0,0,0,0,0,0,0,0,0,0,0,1,0,0,1,0,0,0,0,0,0,1,0,0,0,0,1,0,0,0,0,0,0,0,0,0,0,1,0,0,0,0,0,0,0,0,0,0,0,0,0,0,0,0,0,2,0,0,0,0,0,0,0,0,0,0,0,0,0,0,0,0,0,0,0,3,0,0,0,0,1,0,0,0,14,0,0,0,0,0,0,0,2,0,0,2,0,0,0,0,0,0,0,0,0,0,0,0,0,0,0,0,0,0,0,1,0,0,3,0,0,0,0,0,0,0,0,0,0,0,0,0,0,0,0,3,0,0,0,0,0,0,0,0,0,0,0,0,0,0,2,0,0,0,0,0,0,5,0,0,0,0,0,0,0,0,0,0,0,0,0,0,0,7,0,2,0,2,0,1,0,0,9,0,0,0,0,0,0,0,0,0,0,0,2,0,0,0,0,0,0,0,0,0,0,0,0,0,0,0,0,0,0,0,0,0,0,0,0,0,0,0,0,0,0,0,0,0,0,0,0,0,0,0,0,0,0,0,0,0,0,0,0,0,0,0,0,0,0,0,0,0,0,0,0,0,0,0,0,0,0,0,0,0,0,0,0,0,0,0,0,0,0,0,0,0,0,0,0,1,0,0,0,0,0,2,0,1,0,0,0,0,0,0,0,0,0,0,0,0,0,0,0,0,0,0,0,0,0,0,0,0,0,1,3,0,0,0,0,0,0,0,0,0,0,0,0,0,0,0,0,0,1,0,1,0,0,0,0,0,0,0,0,6,8,0,0,0,0,0,0,0,0,0,0,0,0,0,0,0,1,0,0,0,0,0,0,0,0,0,2,0,0,0,0,0,0,0,0,0,1,0,0,0,0,5,0,0,0,0,2,0,0,0,0,0,0,0,0,0,0,29,0,0,1,1,0,0,0,0,0,0,0,0,0,0,0,0,0,5,0,0,2,1,0,1,0,0,4,1,6,2,15,0,0,0,0,1,9,2,1,0,0,2,1,0,0,1,0,0,0,0,0,0,0,0,0,0,2,0,0,0,0,0,1,0,0,0,0,0,0,0,0,0,0,0,0,2,0,0,0,0,0,0,0,0,0,0,0,0,0,0,0,0,0,1,0,0,0,0,0,0,0,0,0,0,0,0,0,0,0,0,0,3,0,3,0,0,0,0,0,0,0,0,0,0,0,0,0,0,0,1,9,0,0,0,0,0,0,0,0,0,0,2,0,0,0,0,0,0,0,0,0,0,14,0,4,0,0,2,7,0,0,0,0,0,0,0,0,0,0,0,0,0,0,0,0,0,0,0,0,0,0,0,1,0,0,0,0,0,0,0,0,0,0,0,0,0,0,0,0,0,0,0,0,0,0,0,0,0,0,0,0,0,0,0,0,0,0,0,0,0,0,2,0,0,0,0,0,0,0,0,0,0,4,0,0,0,0,0,0,0,0
Antarct.Tith.K201,3,0,0,0,0,0,3,1,0,0,13,0,0,0,0,0,1,0,0,0,0,1,0,0,0,1,0,0,0,0,0,0,2,0,0,0,0,0,0,0,0,0,0,0,0,0,0,1,3,0,0,0,0,0,0,1,0,0,0,0,0,0,0,0,0,0,0,0,0,0,0,0,0,0,0,0,1,0,0,0,0,0,0,4,0,0,8,1,0,0,2,1,0,0,15,0,0,0,0,0,2,0,10,0,0,0,5,5,0,7,1,1,0,0,0,0,0,0,3,2,0,0,0,0,0,0,0,0,0,0,0,0,0,0,0,0,0,0,1,0,0,0,0,0,0,0,0,0,0,0,0,0,0,0,0,0,0,0,0,0,0,0,0,0,0,0,0,0,0,0,0,0,1,0,0,0,0,0,0,0,0,4,0,0,0,0,0,0,0,0,0,0,0,0,0,0,0,0,5,0,0,0,0,0,0,0,0,0,9,0,0,0,0,0,0,0,0,0,0,0,0,0,0,0,0,0,0,0,0,1,0,0,10,0,1,0,0,0,0,2,0,0,0,0,0,0,0,3,0,11,0,0,0,0,0,0,0,0,0,0,0,0,2,0,1,33,0,0,7,0,0,39,0,0,0,1,10,0,0,0,0,0,0,0,0,2,2,0,0,0,0,0,0,0,0,0,26,0,1,0,0,0,0,0,0,0,0,0,0,0,0,0,0,0,0,0,0,0,0,0,0,0,0,0,0,0,0,0,0,2,0,0,0,0,0,0,0,0,0,0,0,0,0,0,0,0,0,0,0,0,0,0,0,0,0,0,0,0,0,0,0,0,0,0,0,0,0,0,0,0,0,0,0,0,0,0,0,0,0,3,0,0,0,0,0,0,0,0,0,0,1,0,0,7,0,0,0,1,0,3,0,0,0,1,0,0,0,0,0,0,1,0,0,0,0,2,4,0,0,0,0,0,12,0,0,0,0,6,3,0,0,0,0,0,0,2,1,0,0,0,0,0,0,6,1,0,0,3,7,0,0,0,0,0,1,0,0,0,4,7,0,6,2,0,0,0,0,0,0,0,3,1,0,0,4,0,0,0,0,0,8,0,0,0,2,0,0,0,0,0,0,0,0,0,0,0,0,7,1,0,0,0,0,1,1,0,0,0,0,0,0,0,0,0,0,3,0,2,0,0,0,0,0,0,1,0,1,0,3,0,0,0,0,0,0,0,3,0,3,1,0,0,0,0,1,4,6,0,0,3,0,1,21,0,0,4,0,0,0,0,0,1,0,0,0,0,2,0,1,3,0,0,0,0,0,0,0,0,0,0,0,0,0,0,0,0,0,0,0,0,0,0,0,0,0,0,0,0,0,0,0,0,0,0,0,1,0,0,0,0,0,0,0,0,0,0,0,0,1,0,0,0,0,0,0,0,0,0,0,6,11,0,0,0,1,0,0,0,0,0,0,0,0,0,0,18,11,3,1,0,0,0,0,0,1,0,8,10,0,2,1,0,0,0,0,0,0,0,15,0,4,0,0,0,1,2,0,0,0,0,0,0,2,4,0,1,1,0,0,0,0,0,0,0,0,0,0,0,0,0,0,0,0,0,0,0,0,0,1,0,0,0,0,0,0,0,0,0,0,0,0,0,0,0,0,0,4,0,0,7,1,0,0,0,0,0,0,0,0,0,0,0,0,0,0,0,0,0,6,0,1,0,0,0,0,0,0
Antarct.Tith.K23,1,0,0,0,0,0,0,0,0,0,0,0,0,0,0,0,0,0,0,0,0,0,0,0,2,0,0,0,0,0,0,0,0,0,0,0,0,0,0,0,0,0,0,0,0,0,0,2,1,0,0,0,0,0,0,0,0,0,0,0,0,0,0,0,0,0,0,0,0,0,0,0,0,0,0,0,0,0,0,0,0,0,0,3,0,0,25,26,13,3,10,5,0,0,0,0,0,0,1,0,0,0,0,0,0,0,0,3,0,0,1,0,0,0,0,0,0,4,16,0,0,0,0,0,0,0,0,0,0,0,0,0,0,0,0,0,0,0,0,0,0,0,0,0,0,0,0,0,0,0,0,0,0,0,0,0,0,0,0,0,0,0,0,1,0,0,0,0,0,0,0,0,0,0,0,0,0,0,0,0,0,0,0,0,0,0,0,0,0,1,0,0,0,0,0,0,0,0,5,0,0,0,0,0,0,0,0,0,3,1,0,0,0,0,0,0,0,0,0,0,0,0,0,0,0,0,0,0,0,0,0,0,1,0,1,0,0,0,0,0,0,0,0,0,0,0,0,0,0,0,0,0,0,0,0,0,0,0,0,0,0,0,0,2,1,5,0,0,0,1,0,0,1,0,0,0,0,0,0,0,0,0,0,0,0,1,0,6,0,0,0,0,0,0,0,0,0,0,0,0,0,0,0,0,0,0,0,0,0,0,0,0,0,0,0,0,0,0,0,0,0,0,0,0,0,0,0,0,0,0,0,0,0,0,0,0,0,0,0,0,0,0,0,0,0,0,0,0,0,0,0,0,0,0,0,0,0,0,0,0,0,0,0,0,0,0,0,0,0,0,0,0,0,0,0,0,0,0,0,0,0,0,0,0,0,0,0,0,0,0,3,0,0,13,0,0,0,0,0,0,0,0,1,2,0,0,0,2,0,0,4,0,0,0,0,0,0,0,0,0,0,0,0,0,0,0,0,0,3,0,0,0,0,0,0,0,0,0,0,0,0,0,0,0,0,0,0,0,0,0,0,0,0,0,0,1,0,5,7,2,0,0,0,0,0,0,0,0,0,0,0,0,0,0,0,0,6,0,4,0,0,0,2,0,14,0,0,0,0,0,0,0,0,0,7,0,0,2,4,3,0,0,0,1,0,0,0,0,0,0,0,0,0,0,0,22,1,2,0,0,0,0,0,2,2,0,0,0,0,0,0,0,0,13,1,0,22,0,0,1,0,0,0,0,0,1,5,0,0,2,0,0,0,2,0,0,0,5,0,2,0,0,0,0,0,0,0,0,2,0,0,0,0,0,0,0,0,0,0,0,0,0,2,0,0,0,0,0,0,0,0,0,0,0,0,0,0,0,0,0,0,0,0,0,0,0,0,0,0,0,0,0,0,0,0,0,0,0,1,0,0,0,0,0,0,0,0,0,0,0,0,0,0,0,0,0,0,0,0,0,0,0,0,0,0,0,0,0,0,0,0,0,0,0,0,0,0,1,0,0,0,0,0,0,0,0,0,0,0,0,2,0,0,0,3,0,0,0,0,0,0,0,0,0,0,0,0,0,0,0,0,0,0,0,0,0,0,0,0,0,0,0,0,0,0,0,0,0,0,0,0,0,0,0,0,0,0,0,0,0,0,0,0,0,0,0,0,0,0,0,0,0,0,0,0,0,0,0,0,0,0,0,0,0,0,0,0,0,2,0,0,0,0,0,0,0,0
Antarct.Tith.K27,0,0,0,0,0,0,0,0,0,0,2,0,0,0,0,0,0,0,0,0,0,0,0,0,0,0,0,0,0,0,0,0,0,0,2,0,0,0,0,0,0,0,0,0,1,0,0,0,1,0,0,0,0,0,0,0,0,0,0,0,0,0,0,0,0,0,0,0,0,0,0,0,0,0,0,0,0,0,0,0,0,0,0,2,1,0,0,0,0,0,0,0,0,0,5,0,4,0,0,0,0,0,16,0,0,0,0,3,0,6,5,0,0,0,0,0,0,0,1,4,0,0,0,0,0,0,0,0,0,0,0,0,0,0,0,0,0,0,0,0,0,0,0,0,0,0,1,0,0,0,0,0,0,0,0,0,0,0,0,0,0,0,0,0,2,0,0,0,0,0,0,0,0,0,0,0,0,0,0,0,0,4,0,0,0,0,0,0,0,0,0,0,1,0,0,0,0,0,3,0,0,0,0,0,0,0,2,0,10,0,0,0,0,0,0,0,0,0,0,0,0,0,0,0,0,0,0,0,0,0,0,0,6,0,1,0,0,0,0,1,0,0,0,0,0,0,0,0,0,1,0,0,0,0,0,0,0,0,0,0,0,0,0,0,3,6,0,0,4,7,0,0,5,0,0,2,13,0,0,0,0,0,2,0,0,0,0,0,0,0,0,0,0,2,0,0,26,0,3,0,0,0,0,0,0,0,0,0,0,0,0,0,0,0,0,0,0,0,0,0,0,0,0,0,0,0,0,0,0,1,0,0,0,0,0,0,0,0,0,0,0,0,0,0,0,0,0,0,0,0,0,0,0,0,0,0,0,0,0,0,0,0,0,0,0,0,0,0,0,0,0,0,0,0,0,0,0,0,0,7,0,0,0,0,0,0,0,0,0,0,0,0,0,3,0,0,0,0,0,0,0,0,0,0,0,0,0,0,0,1,6,0,0,0,0,0,0,0,0,0,0,0,8,0,4,0,0,0,0,0,0,0,0,0,0,0,1,0,0,0,0,0,1,1,0,0,0,4,1,0,0,0,0,0,0,0,0,1,4,0,0,1,0,0,0,0,0,0,0,0,0,1,0,1,1,0,0,0,0,0,0,1,0,0,0,0,1,0,0,0,0,0,0,0,0,0,0,0,0,0,0,0,0,0,0,0,0,0,0,0,0,0,0,0,0,2,0,0,0,0,1,0,0,2,2,1,0,0,0,0,0,0,0,1,0,0,0,0,0,0,0,0,0,0,0,3,1,0,0,0,0,0,1,0,0,5,0,0,0,0,0,0,0,0,0,0,0,1,4,0,0,0,0,0,0,0,0,0,0,0,0,0,0,0,1,0,0,0,0,0,0,0,0,0,0,0,0,0,0,0,0,0,0,0,0,0,0,0,0,0,0,0,0,0,0,0,0,0,0,0,0,0,0,0,0,1,0,0,0,0,0,0,0,0,0,0,0,0,0,0,0,0,0,0,0,13,7,3,0,0,0,0,0,0,0,0,3,2,0,0,1,0,0,0,0,0,0,0,32,1,0,0,0,0,0,1,0,0,0,0,0,0,0,1,0,0,0,0,0,0,0,0,0,0,0,0,0,0,0,0,0,0,0,0,0,0,0,0,0,0,0,0,0,0,0,0,0,0,0,0,0,0,0,0,0,0,2,0,0,0,0,0,0,0,0,0,0,0,0,0,0,0,0,0,0,0,0,0,3,4,0,0,0,0,0,0,0
Antarct.Tith.K30B,0,0,1,0,0,0,0,0,0,0,0,0,0,0,0,0,3,0,0,0,0,0,0,0,0,0,0,0,0,0,0,0,0,0,0,0,0,0,0,0,0,0,0,0,0,0,0,1,2,0,0,0,0,0,0,0,0,0,0,0,0,0,0,0,0,0,0,0,0,0,0,0,0,0,0,0,0,0,0,0,0,0,0,5,0,0,0,0,0,0,0,0,0,0,4,0,1,0,0,0,0,0,11,0,0,0,0,3,0,8,1,0,0,0,1,0,0,0,0,0,0,0,0,0,0,0,0,0,0,0,0,0,0,0,0,0,0,0,0,0,0,0,0,0,0,0,0,0,0,0,0,0,0,0,0,0,0,0,0,0,0,0,0,0,0,0,0,0,0,0,0,0,0,0,0,0,0,0,0,0,0,0,0,0,0,0,0,0,0,0,0,0,0,0,0,0,0,0,0,0,0,0,0,0,0,3,0,0,0,0,0,0,0,0,0,0,0,0,0,0,0,0,0,0,0,0,0,0,0,0,0,0,0,0,0,0,0,0,0,1,0,0,0,0,0,0,0,0,0,0,0,0,0,0,0,0,0,0,0,0,0,0,0,0,1,0,0,0,0,9,0,2,0,0,0,0,0,0,0,0,0,0,0,0,0,0,0,0,0,0,0,0,0,14,5,0,6,0,7,0,0,0,0,0,0,0,0,0,0,0,0,0,0,0,0,0,0,0,0,0,0,0,0,0,0,0,0,0,0,0,0,0,0,0,0,0,0,0,0,0,0,0,0,0,0,0,0,0,0,0,0,0,0,0,0,0,0,0,0,0,0,0,0,0,0,0,0,0,0,0,0,0,0,0,0,0,0,0,0,5,0,0,0,0,0,0,0,0,0,0,0,0,0,0,0,0,0,0,0,0,0,0,0,0,0,0,0,0,0,0,0,2,0,0,0,0,0,0,0,0,0,0,0,0,2,0,0,0,2,0,0,0,0,0,0,0,0,0,0,0,0,0,0,3,0,0,0,0,0,0,0,1,0,0,0,0,0,0,0,0,0,0,0,0,0,0,0,0,0,0,0,1,0,1,0,0,0,0,0,0,0,0,0,0,0,0,0,0,0,0,0,0,0,0,0,0,0,0,0,1,0,0,0,0,0,0,0,0,0,0,0,0,0,0,0,21,0,0,0,0,1,0,0,1,0,0,0,0,0,0,0,0,0,0,0,0,1,0,0,0,0,0,0,0,1,5,5,0,0,0,0,0,1,0,0,0,0,0,0,0,0,0,0,0,0,0,0,0,0,0,0,0,0,0,0,0,0,0,0,0,0,0,0,0,0,0,0,0,0,0,0,0,0,0,0,0,0,0,0,0,0,0,0,0,0,0,0,0,0,0,0,0,0,0,0,0,0,0,0,0,0,0,0,0,0,0,0,0,0,0,0,0,0,0,0,0,0,0,0,0,0,0,0,0,0,1,1,11,0,0,7,0,0,0,0,0,0,0,0,0,0,0,0,0,0,0,0,0,13,55,3,4,0,1,0,5,0,0,0,0,0,0,0,4,0,0,0,0,0,0,0,0,0,0,0,0,0,0,0,0,0,0,0,0,0,0,0,0,0,0,0,0,0,0,0,0,0,0,0,0,0,0,0,0,0,0,0,0,0,0,1,0,0,0,0,0,1,0,0,0,0,0,0,0,0,0,0,0,3,0,14,0,0,0,0,0,0
Antarct.Tith.K33,0,0,0,0,0,0,0,0,0,0,1,0,0,0,0,0,0,0,0,0,0,0,0,0,0,0,0,0,2,0,0,0,2,0,0,0,0,0,0,0,0,0,0,0,0,0,6,0,1,1,0,0,0,0,0,0,0,0,0,0,0,0,0,0,0,0,0,0,0,0,0,0,0,0,0,0,0,0,0,0,0,0,0,2,0,0,0,0,0,0,0,0,0,0,10,0,1,0,0,0,2,0,13,0,0,1,19,14,0,113,1,0,0,0,0,0,0,1,0,0,0,0,0,0,0,0,0,0,0,0,0,0,0,0,0,0,0,0,0,0,0,0,0,0,0,0,1,0,0,0,0,0,0,0,0,0,0,0,0,0,0,0,0,0,0,0,0,0,0,0,0,0,0,0,0,0,0,0,0,0,0,1,5,0,0,0,0,0,0,0,0,0,0,0,1,0,0,0,0,0,0,0,0,0,0,5,0,0,5,1,0,0,0,0,0,0,0,0,0,0,0,0,0,0,0,0,0,0,0,0,0,0,0,0,0,0,0,0,0,0,0,0,0,0,0,0,0,5,0,1,0,0,0,0,0,0,1,0,0,0,0,0,0,0,0,9,5,0,1,3,0,0,0,0,0,2,0,0,0,0,0,0,0,0,0,0,0,0,0,0,0,1,0,0,0,0,6,0,16,0,0,0,0,0,0,0,0,0,0,0,0,0,0,0,0,0,0,0,0,0,0,0,0,0,0,0,0,0,0,1,0,0,0,0,0,0,0,0,0,0,0,0,0,0,0,0,0,0,0,0,0,0,0,0,0,0,0,0,0,0,0,0,0,0,0,0,0,0,0,0,0,0,0,0,0,0,0,0,0,8,0,0,0,0,0,0,0,0,0,1,0,0,0,0,0,0,0,0,0,0,0,0,0,1,0,0,0,0,0,0,0,0,0,0,0,0,0,0,0,1,0,0,0,0,1,0,0,0,0,0,0,0,0,0,0,2,1,0,1,0,0,0,0,0,0,0,0,0,4,0,0,0,0,2,0,0,0,0,0,0,0,0,0,0,0,0,0,0,0,0,0,0,0,1,0,0,0,0,0,0,0,0,0,0,0,0,0,0,0,0,0,0,0,0,0,0,0,0,0,0,0,0,0,0,0,0,0,0,0,0,0,0,0,0,0,1,0,0,0,0,6,0,0,0,0,0,1,0,0,0,0,0,0,0,0,0,1,0,0,0,0,0,0,0,0,2,0,0,0,0,0,0,0,0,0,0,0,0,0,0,0,0,0,0,0,0,0,0,0,0,0,0,0,0,0,0,0,0,0,0,0,0,0,0,0,0,0,0,0,0,0,0,0,0,0,0,0,0,0,0,0,0,0,0,0,0,0,0,0,0,0,0,0,0,0,0,0,0,0,0,0,0,0,0,0,0,0,0,0,0,0,0,0,0,0,0,0,0,0,0,0,0,0,0,0,0,0,0,0,2,0,0,0,0,0,0,0,0,0,0,0,0,0,0,0,0,0,0,56,0,1,0,0,0,0,2,0,0,0,0,0,0,0,0,0,0,0,0,0,0,0,0,0,0,0,0,0,0,0,0,0,0,0,0,0,0,0,0,0,0,0,0,0,0,0,0,0,0,0,0,0,0,0,0,0,0,0,3,0,0,0,0,0,0,0,0,0,0,0,0,0,0,0,0,0,1,0,0,0,7,0,0,0,0,0,0,0
Antarct.Tith.K44,3,0,0,0,2,0,0,0,2,0,4,0,0,0,0,0,0,0,0,0,0,0,0,0,0,0,0,0,0,0,0,0,0,0,0,0,0,0,0,0,0,0,0,0,0,0,0,1,0,0,0,0,0,0,0,0,0,0,0,0,0,0,0,0,0,0,0,0,0,0,0,0,0,0,0,0,0,0,0,0,0,0,0,6,0,0,0,0,0,0,0,0,0,0,0,0,0,0,0,0,0,0,0,0,0,0,0,0,0,0,0,0,0,0,0,0,1,0,0,0,0,0,0,0,0,0,0,0,0,0,0,0,0,0,10,0,0,0,0,0,0,0,0,0,0,0,2,0,0,0,0,0,0,0,0,0,0,0,0,0,0,0,0,0,0,0,0,0,0,0,3,0,0,0,0,0,0,0,0,0,0,0,0,0,0,0,0,0,0,0,0,0,0,0,0,0,0,0,0,0,0,0,0,0,0,12,0,0,4,0,0,0,1,1,0,0,0,0,0,0,0,0,0,0,0,0,0,0,0,0,0,0,0,0,0,0,0,0,0,0,0,0,0,0,0,0,0,0,0,5,0,0,0,0,0,0,0,0,0,0,0,0,0,0,4,8,0,0,0,10,9,2,1,0,0,0,0,0,0,0,0,0,0,0,0,0,0,0,1,0,0,3,0,1,0,0,0,0,10,0,0,0,0,0,0,0,0,0,0,0,0,0,0,0,0,0,0,0,0,0,0,0,0,0,0,0,0,0,0,0,0,0,0,0,0,0,0,0,0,0,2,0,0,0,0,0,0,0,0,0,0,0,0,0,0,0,0,0,0,0,0,0,0,0,0,0,0,0,0,0,0,0,0,0,0,0,0,0,0,4,0,0,0,0,3,0,0,0,0,0,0,0,0,0,0,0,0,0,0,0,0,0,0,6,0,0,0,0,0,0,0,36,2,0,0,0,0,0,0,0,0,0,0,0,1,0,0,1,2,0,0,0,0,0,0,0,0,0,0,0,0,0,0,0,0,0,0,0,0,0,0,12,0,0,17,0,0,0,0,0,0,3,0,0,0,0,0,0,0,0,0,0,0,1,0,0,0,0,0,0,0,0,0,0,0,0,0,0,0,0,0,0,0,0,0,0,0,1,0,0,0,1,0,0,0,0,0,0,0,0,0,0,0,0,0,1,0,1,0,0,0,0,0,0,0,0,0,1,0,0,0,1,0,0,0,0,0,0,0,1,0,0,0,0,0,1,6,0,0,0,0,0,0,1,0,0,0,0,0,0,0,0,0,0,0,0,0,0,0,0,0,0,0,0,0,0,0,3,0,0,0,0,0,0,0,0,0,0,0,0,0,0,1,0,0,3,1,0,0,0,0,0,0,0,0,0,0,0,0,0,0,0,0,0,0,0,2,0,0,0,0,0,0,0,0,0,0,0,0,0,1,2,9,0,0,0,0,0,0,0,0,0,0,0,0,0,4,2,0,0,0,0,0,0,0,0,0,0,0,0,0,0,0,0,0,0,0,0,1,0,1,0,0,1,0,0,0,0,0,0,0,0,0,51,24,0,0,0,0,0,0,0,0,0,0,0,0,0,0,0,0,2,0,0,0,0,0,0,0,0,0,0,0,0,0,0,0,0,0,0,0,0,0,0,0,0,1,4,0,0,0,0,0,0,0,0,0,0,0,0,0,0,0,0,0,4,0,0,0,1,1,22,0,0,0,0,0
Antarct.Tith.K47,1,0,0,0,2,0,0,0,0,0,2,0,0,0,0,0,0,1,0,0,0,0,0,0,0,0,0,0,0,0,0,0,0,0,0,0,0,0,0,0,0,0,0,0,0,0,0,0,1,0,0,0,0,0,0,0,0,0,0,0,0,0,0,0,0,0,0,0,0,0,0,0,0,0,0,0,0,0,0,0,0,0,0,2,0,0,0,0,0,0,0,0,0,0,0,0,0,0,16,0,0,0,0,0,0,0,4,0,0,0,1,0,0,0,0,0,0,0,0,0,0,0,0,0,0,0,0,0,0,0,0,0,0,0,0,0,0,0,0,0,0,0,0,0,0,0,5,0,0,0,0,0,0,0,0,0,0,0,0,0,0,0,0,0,0,0,0,0,0,0,0,0,1,0,0,0,0,0,0,0,0,0,0,0,0,0,0,0,0,0,0,0,1,0,0,0,0,0,0,0,0,0,0,0,0,3,0,0,10,3,0,2,0,5,0,0,0,0,0,0,0,0,0,0,0,0,0,0,0,0,0,0,0,0,0,0,0,0,0,0,0,0,0,0,0,0,0,0,0,4,0,0,0,0,0,0,0,0,0,0,0,0,0,0,1,1,0,0,0,2,0,1,0,0,2,0,1,0,0,0,0,0,0,0,0,0,0,0,0,0,0,0,0,1,0,0,0,0,19,0,0,0,0,0,0,0,0,0,0,0,0,0,0,0,0,0,0,0,0,0,0,0,0,0,0,0,0,0,0,0,0,0,0,0,0,0,0,0,0,0,1,0,0,0,0,0,0,0,0,0,0,0,0,0,0,0,0,0,0,0,0,0,0,0,0,0,0,0,0,0,0,0,0,0,0,0,0,0,0,2,0,0,0,0,0,0,0,0,0,0,0,0,0,0,0,0,0,2,0,0,0,0,0,0,0,0,0,0,0,1,0,4,0,0,0,0,0,0,0,0,0,0,0,0,1,0,0,1,2,0,0,0,0,0,0,0,0,0,0,0,0,0,0,0,0,0,1,0,0,0,0,9,0,0,0,0,0,0,0,0,0,0,0,0,0,0,0,0,0,0,0,0,0,1,0,0,0,0,0,0,0,0,0,0,1,0,0,0,0,0,0,0,0,0,1,0,0,0,0,0,0,0,0,0,0,0,0,0,0,0,0,0,0,0,0,1,0,1,0,0,0,0,0,0,0,0,0,0,0,0,0,0,0,2,0,0,0,0,0,0,0,25,0,0,1,0,26,0,0,0,0,3,2,1,0,0,0,0,0,0,0,0,0,0,0,0,0,2,0,0,0,0,0,0,0,0,0,0,0,0,0,0,0,0,0,0,0,0,0,0,0,0,0,0,0,2,2,0,0,0,0,0,0,0,0,1,0,0,0,0,0,0,0,0,0,0,0,0,0,0,0,0,0,0,0,0,0,0,0,1,0,0,3,0,0,0,0,0,0,0,0,0,0,0,0,4,0,0,0,0,0,0,2,0,0,0,0,0,0,0,0,0,0,0,0,0,0,0,2,0,5,0,0,0,0,1,0,0,0,0,0,0,1,14,8,0,0,0,0,0,0,1,0,0,0,0,0,0,0,0,0,4,0,0,0,0,0,0,0,0,0,0,0,0,0,1,0,0,0,0,0,0,0,0,0,0,5,0,0,0,0,0,0,0,0,0,0,0,0,0,0,0,0,0,0,3,0,0,0,20,1,3,0,0,0,0,0
Antarct.Berr.K65,0,0,0,0,0,0,0,0,0,0,0,0,0,0,0,0,0,0,0,0,0,0,0,0,0,0,0,0,2,0,0,0,0,0,1,0,0,0,0,0,0,0,0,0,0,0,0,0,0,0,0,0,0,0,0,0,0,0,0,0,0,0,0,0,0,0,0,0,0,0,0,0,0,0,0,0,0,0,0,0,0,0,0,0,0,0,0,0,0,0,0,0,0,0,0,0,0,0,0,0,0,0,0,0,0,0,0,0,0,0,0,0,0,0,0,0,0,0,0,0,0,0,0,0,0,0,0,0,0,0,1,0,0,0,0,0,0,0,0,0,0,0,0,0,0,0,0,0,0,0,0,0,0,0,0,0,0,0,0,0,0,0,0,0,0,0,0,0,0,0,0,0,0,0,0,0,0,0,0,0,0,0,0,0,0,0,0,0,0,0,0,0,8,0,0,0,0,0,0,0,0,0,0,0,0,0,0,0,0,0,0,0,0,0,0,0,0,0,0,0,0,0,0,0,0,0,0,0,0,0,0,0,1,0,0,0,0,0,0,0,0,0,0,0,0,0,0,0,0,1,0,0,0,0,0,0,0,0,0,0,0,0,0,0,2,0,0,0,2,0,0,0,1,0,0,0,1,0,0,0,0,0,0,0,0,0,0,0,1,0,0,1,1,0,0,0,1,0,0,0,0,0,0,0,0,0,0,0,0,0,0,0,0,0,0,0,0,0,0,0,0,0,0,0,0,0,0,0,0,0,0,0,0,0,0,0,0,0,0,0,0,0,0,0,0,0,0,0,0,0,0,0,0,0,0,0,0,0,0,0,0,0,0,0,0,0,0,0,0,0,45,0,0,0,0,0,0,0,0,0,0,0,0,0,0,0,0,0,0,0,0,0,0,0,0,0,0,0,0,0,0,0,0,0,0,0,0,0,0,0,0,0,0,0,0,0,0,0,0,0,0,0,0,0,0,0,0,0,0,0,0,0,0,0,0,0,0,0,0,0,0,0,0,0,0,0,0,0,0,0,0,0,0,0,0,0,0,0,0,0,0,0,0,0,0,0,0,0,0,0,0,0,0,0,0,0,0,0,0,0,0,0,0,0,0,0,0,0,0,0,0,0,0,0,0,0,0,0,0,0,0,0,0,0,0,0,0,0,0,0,0,0,0,0,0,0,0,2,0,0,0,0,0,0,0,0,0,0,0,0,0,0,0,0,0,0,0,0,0,0,0,0,0,0,0,0,0,0,1,0,0,0,0,0,0,0,0,0,0,0,0,0,0,0,0,0,0,0,0,0,0,0,0,0,0,0,0,0,0,0,0,0,0,0,0,8,0,0,0,0,0,0,0,6,0,0,0,0,0,0,0,0,0,0,0,9,0,0,0,0,0,0,0,0,0,0,0,0,0,0,0,0,0,0,0,0,0,0,0,0,0,0,1,0,0,0,0,0,0,0,0,0,1,0,0,0,2,0,0,0,0,0,0,0,0,0,0,0,0,0,0,0,0,0,0,0,0,28,4,0,4,0,0,0,0,2,0,0,0,0,0,0,2,5,1,0,0,6,10,0,0,2,0,0,0,0,0,0,0,0,7,0,0,0,0,0,0,0,0,0,0,0,0,0,0,0,0,0,0,0,0,0,0,3,0,0,0,0,0,0,0,0,0,0,0,3,0,0,0,0,0,0,0,0,0,18,0,0,0,0,1,0,0,0,0,0,0
Antarct.Tith.LG1,2,0,0,0,0,0,3,3,0,0,4,1,0,0,0,1,1,0,0,0,0,0,1,0,0,0,0,0,0,0,0,0,0,0,0,0,0,0,0,0,0,0,0,0,0,0,0,7,2,0,0,0,0,0,0,0,0,0,0,1,0,0,0,0,0,0,0,0,0,0,0,0,0,0,0,0,0,0,0,0,4,0,0,6,0,0,3,0,0,0,1,0,0,0,9,0,3,0,1,0,4,0,43,0,0,1,1,15,0,27,1,0,0,0,3,0,0,0,0,3,0,0,0,0,0,0,2,0,0,0,0,0,0,0,0,0,2,0,0,0,0,0,0,0,0,0,0,0,0,0,0,0,0,0,2,0,0,0,0,0,0,0,0,0,0,0,0,0,0,0,0,0,0,0,0,0,0,0,0,0,0,19,0,1,0,0,0,0,0,1,0,0,2,0,2,0,0,0,5,0,0,0,0,0,0,0,0,0,4,3,0,1,0,0,0,0,0,0,0,0,0,0,0,0,0,0,0,0,0,0,0,0,8,0,1,0,0,0,0,1,0,0,0,0,0,0,0,0,2,28,0,0,0,0,0,0,0,0,0,0,0,0,3,0,1,33,1,0,25,10,0,23,3,0,0,1,10,1,0,0,0,1,0,0,0,3,0,15,0,2,0,0,0,25,8,0,28,0,9,0,0,0,2,0,0,0,0,0,0,0,0,0,0,0,0,0,0,0,0,0,0,0,0,0,0,0,0,0,0,3,0,0,0,0,0,0,0,0,0,0,0,0,0,0,0,0,0,0,0,0,0,0,0,0,0,0,0,0,0,0,0,0,0,0,0,0,0,0,0,0,0,0,0,0,0,0,0,0,0,11,0,0,0,0,0,0,0,0,0,0,0,2,0,2,0,0,0,1,0,1,0,0,0,1,0,0,0,0,0,2,2,0,0,0,0,6,1,0,0,0,0,0,18,0,2,0,0,3,2,0,0,0,0,0,0,2,2,0,0,0,0,0,0,3,0,0,0,2,6,0,0,1,1,0,9,0,0,0,4,2,1,14,0,0,0,0,0,0,0,0,1,0,0,3,3,0,0,0,0,0,1,0,0,0,3,1,1,0,0,0,2,0,0,0,0,0,0,5,1,1,0,0,1,0,1,0,0,0,0,0,0,0,0,0,0,1,0,0,0,0,0,0,0,0,1,0,0,0,2,0,0,2,0,0,0,0,2,0,1,0,0,0,0,0,1,1,1,0,0,1,0,0,12,0,0,0,0,0,0,0,0,2,0,0,0,0,0,0,3,0,0,0,1,0,0,0,0,0,1,0,0,0,0,0,0,0,0,0,0,0,0,0,0,0,0,0,0,0,0,0,0,0,0,0,0,2,1,0,0,0,0,1,0,0,0,0,0,0,0,0,0,0,0,0,0,0,0,2,0,2,7,0,0,0,2,0,0,0,0,0,0,0,0,0,0,1,24,0,4,0,0,0,0,0,0,4,9,14,1,0,2,0,0,0,0,0,0,0,13,0,5,0,0,1,0,9,0,0,0,0,0,0,1,0,0,1,0,0,0,0,0,0,0,0,0,0,0,0,0,0,0,0,0,0,0,0,0,0,0,0,0,0,0,0,0,0,0,0,1,0,0,0,0,0,0,0,5,1,0,6,4,0,0,0,0,0,0,0,0,0,0,0,0,0,0,0,0,0,8,0,4,0,0,0,0,0,0
Oman.Vala.NA14,0,62,1,13,0,0,0,0,0,0,0,0,0,0,3,0,12,0,0,0,1,0,0,2,7,0,0,0,0,0,0,0,0,0,2,0,4,0,0,0,0,0,0,0,0,1,0,0,0,0,0,0,3,0,0,35,0,0,0,2,0,0,0,0,0,0,0,0,0,3,0,0,1,0,2,0,0,0,0,0,0,0,0,0,0,1,0,0,0,1,1,0,0,0,0,0,0,3,0,0,0,0,0,0,0,0,0,11,40,0,0,0,0,0,0,0,0,0,0,0,0,0,3,0,0,0,0,0,0,0,0,0,0,0,0,0,0,0,0,0,0,0,0,0,0,0,0,0,0,0,1,0,0,1,0,0,0,1,2,0,0,0,0,0,0,0,0,0,0,0,0,0,0,0,12,0,0,0,0,0,0,0,0,0,0,2,0,4,0,0,1,0,0,0,0,0,0,4,0,0,0,0,4,0,0,0,0,0,0,0,0,0,0,0,0,0,0,0,0,0,0,0,0,0,0,7,0,1,0,0,0,0,1,0,0,0,0,0,0,0,0,0,0,0,1,0,0,1,0,0,0,0,3,2,0,3,1,8,0,0,0,0,0,0,11,0,0,2,0,0,0,0,0,0,0,0,0,0,0,0,0,0,11,6,1,0,0,0,0,0,12,0,0,0,0,0,0,0,0,0,0,0,0,0,7,0,0,0,0,0,1,0,0,0,0,0,0,1,0,0,0,0,0,6,0,0,0,3,4,0,0,0,0,0,0,0,0,0,0,0,0,0,0,0,0,0,0,0,0,0,0,0,0,0,0,0,1,10,1,2,12,0,0,0,0,0,0,0,0,0,0,0,0,4,0,3,0,0,7,0,0,0,0,0,0,0,0,0,0,0,0,0,0,0,0,0,0,0,0,0,0,0,0,0,0,0,0,0,0,0,0,0,0,0,0,0,0,0,0,0,0,0,0,0,0,0,0,0,0,0,0,0,0,0,0,0,0,0,0,0,0,0,0,0,0,0,0,0,0,0,0,0,0,0,0,0,0,0,0,0,0,0,0,0,0,0,0,0,0,0,0,0,0,0,0,0,0,0,0,0,0,0,0,0,0,0,0,0,0,0,0,0,0,0,0,0,0,0,0,0,0,0,0,0,0,0,2,0,0,0,0,0,0,0,0,0,0,0,0,0,0,0,0,0,0,0,0,0,0,0,0,0,0,0,0,0,0,0,0,0,0,0,0,0,0,0,0,0,0,0,0,0,0,0,0,0,0,0,0,0,0,0,0,0,0,0,1,0,0,0,0,0,0,0,0,0,0,0,0,0,0,0,0,0,0,0,0,0,0,0,0,0,0,0,0,0,0,0,0,0,0,0,0,0,0,0,0,0,0,0,0,0,0,0,0,0,0,0,0,0,0,0,0,0,0,0,0,0,0,0,0,0,0,0,0,1,0,0,0,0,0,0,0,0,0,0,0,0,0,0,0,0,0,0,0,0,0,0,0,0,0,0,0,0,0,0,0,0,0,0,0,0,0,0,0,0,0,0,0,0,0,0,0,0,0,0,0,0,0,0,1,0,0,0,0,0,0,0,0,0,0,0,0,0,0,0,0,0,0,0,0,0,0,0,0,0,0,0,0,0,0,0,3,0,0,0,0,0,0,0,0,0,0,0,0,0,0,0,0,0,0,0,0,0,0,0,0,0,0,0,0,0,0,0,0,0,0
Oman.Vala.NA16,0,29,1,4,0,0,0,0,0,0,0,0,0,0,1,0,9,0,0,0,0,0,0,1,11,0,0,0,0,0,0,0,0,0,0,0,3,0,0,0,0,0,0,0,0,0,0,0,0,0,0,0,0,0,0,19,0,0,0,0,0,0,0,0,0,0,0,0,0,1,0,0,0,0,1,0,0,0,0,0,0,0,0,0,0,0,0,0,0,0,2,0,0,0,0,0,0,0,0,0,0,0,0,0,0,0,0,2,19,0,0,0,0,0,0,0,0,0,0,0,0,0,1,0,0,0,0,0,0,0,0,0,0,0,0,0,0,0,0,0,0,0,0,0,0,0,0,0,0,0,0,0,0,3,0,0,0,0,0,0,0,0,0,0,0,0,0,0,0,0,0,0,0,0,4,0,0,0,0,0,0,0,0,0,0,2,0,0,0,0,0,0,0,0,0,0,0,4,0,0,0,0,0,2,0,0,0,0,0,0,0,0,0,0,0,0,0,0,0,0,0,0,0,0,0,6,0,1,0,0,0,0,0,0,0,0,0,0,0,0,0,0,0,0,0,0,0,0,0,0,0,0,3,4,0,0,2,2,0,0,0,0,0,0,3,0,0,0,0,0,0,0,0,0,0,0,0,0,0,0,0,0,6,3,2,0,0,0,0,0,5,0,0,0,0,0,0,0,0,0,0,0,0,0,4,0,0,0,0,0,0,0,0,0,0,0,0,3,0,1,0,0,6,4,0,0,0,2,0,0,0,0,0,0,0,0,0,0,0,0,0,0,0,0,0,0,0,0,0,0,0,0,0,0,0,0,2,6,0,1,3,0,0,0,0,0,0,0,0,0,0,0,0,3,0,0,0,0,5,0,0,0,0,0,0,0,0,0,0,0,0,0,0,0,0,0,0,0,0,0,0,0,0,0,0,0,0,0,0,0,0,0,0,0,0,0,0,0,0,0,0,0,0,0,0,0,0,0,0,0,0,0,0,0,0,0,0,0,0,0,0,0,0,0,0,2,0,0,0,0,0,0,0,0,0,0,0,0,0,0,0,0,0,0,0,0,0,0,0,0,0,0,0,0,0,0,0,0,0,0,0,0,0,0,0,0,0,0,0,0,0,0,0,0,0,0,0,0,0,0,0,0,0,0,0,0,0,0,0,0,0,0,0,0,0,0,0,0,0,0,0,0,0,0,0,0,0,0,0,0,0,0,0,0,0,0,0,0,0,0,0,0,0,0,0,0,0,0,0,0,0,0,0,0,0,0,0,0,0,0,0,0,0,0,0,0,0,0,0,0,0,0,0,0,0,0,0,0,0,0,0,0,0,0,0,0,0,0,0,0,0,0,0,0,0,0,0,0,0,0,0,0,0,0,0,0,0,0,0,0,0,0,0,0,0,0,0,0,0,0,0,0,0,0,0,0,0,0,0,0,0,0,0,0,0,0,0,0,0,0,0,0,0,0,0,0,0,0,0,0,0,0,0,0,0,0,0,0,0,0,0,0,0,0,0,0,0,0,0,0,0,0,0,0,0,0,0,0,0,0,0,0,0,0,0,0,0,0,0,0,2,0,0,0,0,0,0,0,0,0,0,0,0,0,0,0,0,0,0,0,0,0,0,0,0,0,0,0,0,0,0,0,0,0,0,0,0,0,0,0,0,0,1,0,0,0,0,0,0,0,0,0,0,0,0,0,0,0,0,0,0,0,0,0,0,0,0
Alps.Kimm.PS6B,0,1,0,1,0,0,0,0,0,0,0,0,0,1,0,0,2,0,0,0,0,4,3,0,1,0,0,0,4,0,13,0,0,0,0,0,0,0,2,0,0,0,0,0,0,0,0,0,0,0,0,0,0,0,0,7,0,6,0,1,0,6,3,0,0,0,0,0,0,1,1,0,0,0,0,0,1,2,0,0,0,0,0,0,0,0,0,0,0,0,0,0,0,0,0,0,0,0,0,0,0,0,0,0,0,0,0,0,0,0,0,0,0,0,0,0,0,0,0,0,0,0,0,1,0,0,0,0,0,0,0,0,0,3,34,0,0,0,0,0,0,0,0,0,0,0,0,0,0,0,0,1,0,9,0,0,0,0,1,0,0,0,0,0,7,2,3,0,0,0,0,0,0,7,0,0,1,0,0,6,0,0,0,0,0,0,0,0,1,0,0,0,0,1,0,0,0,0,0,0,5,26,0,0,0,0,0,0,0,0,0,0,0,0,0,0,0,0,1,0,0,0,0,0,0,0,0,0,0,1,0,0,4,7,0,0,0,0,0,1,2,0,0,2,12,0,0,0,0,0,0,0,0,0,0,3,0,3,0,0,0,0,0,0,1,0,0,3,0,0,0,0,0,11,0,0,0,0,0,5,0,0,1,0,3,11,0,0,0,0,0,0,0,0,0,0,0,0,0,0,11,0,0,3,0,0,1,0,0,0,0,0,0,0,1,0,0,0,0,2,1,0,0,2,0,27,0,0,0,3,0,4,1,0,0,0,0,0,0,0,0,0,0,0,0,0,0,0,0,0,0,0,0,1,0,2,0,2,0,0,0,0,1,0,0,0,0,0,0,0,0,0,0,0,0,0,0,0,0,0,0,16,2,0,0,0,0,0,0,0,0,0,1,0,0,2,0,0,0,0,0,0,0,0,0,0,0,0,0,0,0,0,0,1,0,0,0,0,0,0,0,0,0,0,0,0,0,0,0,0,0,0,0,0,0,0,0,0,0,0,0,0,0,0,0,0,0,0,0,0,0,0,0,0,0,0,0,0,0,0,0,0,0,0,0,0,0,0,0,0,0,0,0,0,0,1,0,0,0,0,0,0,0,0,0,0,0,0,0,0,0,0,0,0,0,0,0,0,0,0,0,0,0,0,0,0,0,0,0,0,0,0,0,0,0,0,0,0,0,0,0,0,0,0,0,0,0,0,0,0,0,0,0,0,0,0,0,0,0,0,0,0,0,0,0,0,0,0,0,0,0,0,0,0,0,0,0,0,0,0,0,0,0,0,0,0,0,0,0,0,0,0,0,0,0,0,0,0,0,0,0,0,0,0,0,0,0,0,0,0,0,0,0,0,0,0,0,0,1,4,0,0,0,0,0,0,0,0,0,0,3,0,0,0,0,2,0,0,0,0,0,0,0,0,4,0,0,0,3,0,0,0,0,0,0,0,1,0,0,0,0,0,0,0,2,0,0,0,0,0,0,0,0,0,0,0,0,0,0,0,0,0,0,0,0,0,2,0,0,0,0,0,0,0,0,0,0,0,0,0,0,1,0,0,0,0,0,0,0,0,0,2,0,0,0,0,0,0,0,0,0,0,4,0,0,0,0,0,0,0,0,0,0,0,0,0,0,7,0,0,0,0,0,0,0,0,0,0,1,0,0,0,0,0,0,0,0,0,0,0,0,0,0,0,0,0,0,0,0,0,0,0,0,0,0,6,0
Alps.Tith.PS13,0,0,2,1,0,0,0,1,0,0,0,0,0,0,3,0,5,1,0,0,3,0,0,0,0,0,0,0,0,0,3,0,0,0,0,0,9,0,0,0,0,1,0,0,0,0,0,0,0,0,0,1,0,0,2,9,0,0,1,1,0,0,0,0,0,0,0,3,2,0,1,0,0,0,0,2,0,0,1,0,0,0,0,0,0,2,0,0,0,0,0,0,0,4,1,0,0,0,0,0,0,0,16,0,0,0,3,6,6,0,0,0,0,0,0,0,0,1,0,0,1,0,3,0,1,0,0,2,0,0,0,1,1,1,6,0,0,0,0,0,0,0,0,0,0,0,0,0,0,0,0,0,0,1,0,0,0,0,3,1,0,0,0,0,13,2,4,0,0,0,0,1,9,0,3,0,1,0,0,0,0,2,1,0,0,0,0,10,0,0,2,2,0,0,2,0,0,0,0,0,0,6,0,1,6,0,0,0,0,0,0,0,0,0,0,0,0,0,0,0,0,0,0,9,0,0,0,0,0,0,0,0,0,0,0,0,5,2,0,1,1,0,0,0,0,0,0,0,0,0,2,0,0,2,0,0,2,0,0,0,0,0,0,0,3,0,0,2,0,0,0,0,0,0,0,0,0,0,0,0,0,0,12,0,2,20,1,0,0,0,11,0,0,0,0,0,0,0,0,0,2,0,0,0,4,0,0,0,0,0,4,0,1,0,3,0,0,2,0,0,0,2,0,11,2,0,2,1,0,4,0,0,0,0,0,0,0,0,0,0,0,2,0,0,0,0,0,0,0,5,0,0,0,2,5,4,0,4,0,0,0,0,0,0,0,0,0,0,3,1,0,0,0,2,0,0,3,0,0,0,0,2,4,0,0,0,0,0,0,0,0,0,0,0,0,2,0,0,0,0,3,0,0,0,0,0,0,0,0,0,0,0,0,0,0,0,0,0,0,0,0,0,0,0,0,0,0,0,0,0,2,0,0,0,0,0,0,0,0,0,1,2,0,0,0,0,0,0,0,0,0,0,0,0,0,0,0,0,0,0,0,0,0,0,1,0,0,0,0,0,0,0,0,0,0,0,0,0,0,0,0,0,0,0,0,0,0,0,0,0,0,0,0,0,0,0,0,0,0,0,0,0,0,0,0,0,0,0,0,0,0,1,0,0,0,0,0,0,0,0,0,0,0,0,0,0,0,0,0,0,0,0,0,0,0,0,0,0,0,0,2,0,0,0,0,0,1,0,0,0,0,0,0,0,0,0,0,0,0,0,0,0,0,1,0,0,1,0,0,0,0,1,0,0,0,0,0,0,0,0,0,3,1,0,0,2,0,0,0,0,0,0,0,0,1,0,0,0,5,9,0,0,0,0,0,0,0,0,0,0,3,0,0,0,0,0,0,0,0,0,0,0,2,0,6,0,0,0,0,3,0,0,0,0,0,0,0,0,0,0,0,0,1,0,0,0,0,0,0,0,0,0,0,0,0,0,0,0,0,0,0,2,0,0,0,3,0,0,0,0,0,0,0,0,0,0,0,0,0,0,0,0,0,0,0,0,0,0,0,1,0,4,0,0,0,0,0,0,0,0,0,0,0,1,0,0,1,0,0,1,0,0,0,0,0,0,0,1,0,0,1,0,0,0,0,0,0,0,0,0,0,0,0,0,0,0,0,0,0,0,0,0,0,0,2,0,1,0,0,0,0,0,0,0,0,2,0
Phil.Tith.R39,0,4,0,0,0,0,0,0,0,0,0,0,0,0,0,0,13,4,0,0,0,0,0,0,1,0,3,0,0,0,0,0,0,0,0,0,15,0,0,5,0,0,0,0,0,0,0,0,0,0,0,0,2,3,0,1,0,0,0,1,0,1,0,0,1,0,0,0,0,0,0,0,0,0,0,0,2,0,0,0,0,1,6,0,0,0,0,0,0,0,0,0,39,0,0,27,0,0,0,0,0,0,0,0,0,0,0,0,0,0,0,0,0,0,0,0,2,0,0,0,0,0,0,0,0,0,0,0,0,1,0,3,0,0,4,0,7,2,0,1,0,2,2,0,0,0,0,0,0,0,0,0,0,2,0,0,0,0,0,0,0,1,2,0,0,0,1,0,0,0,0,0,0,5,1,0,0,0,0,8,0,0,0,0,0,8,0,12,4,0,0,0,3,0,0,0,0,0,0,0,13,48,0,0,0,0,0,0,0,0,0,0,0,0,0,0,1,0,0,0,0,0,0,0,0,0,0,0,0,3,0,1,1,7,0,0,0,0,3,25,0,0,0,0,6,0,9,0,1,0,4,0,0,0,0,1,0,0,0,0,6,0,0,0,0,0,0,1,0,0,0,0,0,1,0,0,0,0,0,0,0,0,0,0,1,0,0,0,0,0,0,0,0,0,0,0,0,1,0,0,5,0,0,0,0,0,0,0,0,0,0,0,0,0,0,0,0,0,0,0,0,0,0,0,0,0,0,0,0,4,1,8,0,1,0,0,0,0,0,0,0,0,2,0,0,0,0,0,0,0,0,0,0,0,0,0,0,16,0,0,0,0,5,0,0,0,0,0,0,1,0,0,5,0,0,6,0,26,0,0,3,61,9,0,0,0,0,0,0,0,0,0,0,0,0,0,0,0,0,0,0,0,0,0,0,0,0,0,0,0,0,0,0,0,0,0,0,0,0,0,0,0,0,0,0,0,0,0,0,10,0,0,0,0,0,0,0,0,0,0,0,0,0,0,0,0,0,0,0,0,0,0,0,0,0,0,0,0,0,0,0,0,0,0,0,0,0,0,0,0,0,0,0,0,0,0,0,0,0,0,0,0,0,0,0,0,0,0,0,5,0,1,0,13,0,0,0,0,0,0,0,0,0,0,0,0,0,0,0,0,0,0,0,0,0,0,0,0,0,0,0,0,0,0,0,0,0,0,0,0,4,0,0,0,0,3,0,0,0,0,0,0,0,0,0,0,0,8,0,0,0,0,0,0,0,0,0,0,0,0,0,0,0,0,0,0,0,0,0,0,0,0,0,0,0,0,0,0,0,0,0,0,0,0,0,0,3,3,0,0,0,0,0,0,0,0,0,2,0,0,0,0,0,0,0,0,2,1,0,0,6,0,0,0,0,0,0,2,0,0,1,0,0,0,5,3,1,0,0,0,0,0,0,4,0,0,0,0,0,0,0,0,0,0,0,0,0,0,0,0,0,0,0,0,0,0,0,0,0,0,0,0,0,0,0,0,8,0,0,0,0,0,0,0,0,0,0,0,0,0,0,0,0,0,0,0,0,0,0,0,0,2,0,0,0,0,0,0,0,0,0,0,0,0,0,0,3,0,0,1,0,0,6,0,0,0,0,0,4,0,0,0,0,0,0,0,0,0,0,0,0,0,0,1,0,0,0,0,0,0,0,0,0,0,0,0,0,4,0,0,0,0,3,0,0,0,0
Alps.Oxf.SC2,0,0,0,0,0,1,0,0,0,0,0,0,1,7,1,0,2,0,0,0,0,0,3,0,0,0,0,0,2,0,0,0,0,0,0,0,0,4,6,0,0,0,12,1,0,0,0,0,0,0,4,0,1,0,0,7,5,2,0,0,5,10,0,0,0,0,0,0,0,0,2,0,0,0,1,1,9,0,0,1,0,0,0,0,0,0,0,0,0,0,0,0,0,0,0,0,0,0,0,9,0,10,20,0,0,1,0,0,0,0,0,1,3,0,0,0,1,0,0,0,0,2,0,0,0,0,0,0,0,0,0,0,0,0,2,0,0,0,0,0,0,0,8,0,0,0,0,4,0,0,0,1,0,0,0,1,1,0,0,0,1,7,3,0,0,38,0,0,0,0,0,0,0,42,0,0,2,5,0,5,0,0,0,0,0,0,0,0,0,0,0,0,4,0,0,2,0,0,0,0,1,0,0,0,0,0,0,1,0,0,0,5,0,0,7,0,0,0,1,0,0,0,0,0,0,0,0,0,8,0,0,3,0,0,0,0,0,0,0,0,0,0,1,0,0,0,7,0,4,0,3,0,0,0,0,0,0,0,0,1,10,0,0,0,0,0,0,12,0,0,0,0,0,0,0,0,0,0,0,8,2,1,3,9,13,0,0,0,0,0,0,0,0,0,0,0,0,0,0,0,2,0,0,0,0,0,1,0,0,1,0,0,0,2,0,4,0,3,0,0,0,0,0,5,0,0,0,3,0,0,0,0,3,5,0,0,0,2,0,0,0,0,2,3,0,0,0,1,0,0,0,0,0,0,0,0,0,0,0,0,0,0,3,0,0,0,0,0,0,0,0,2,0,0,0,0,0,0,0,0,0,1,1,0,0,0,0,0,0,0,0,0,0,0,0,8,0,0,0,0,0,0,0,0,0,0,0,0,0,0,0,0,0,0,0,0,0,0,0,0,0,0,0,0,0,0,0,0,0,0,0,0,0,0,1,0,0,2,0,0,0,0,0,0,0,0,0,0,0,0,0,0,0,0,0,0,0,0,0,0,0,0,0,0,0,5,0,0,0,4,0,0,0,0,0,0,0,2,0,0,0,0,0,0,0,0,0,0,0,0,0,0,0,0,0,0,0,0,0,0,0,0,0,0,0,0,0,0,0,0,0,0,0,0,0,0,0,0,0,0,0,0,0,0,0,0,0,0,0,0,0,0,0,1,0,0,0,0,0,0,0,0,0,0,0,0,0,0,0,0,0,0,0,0,0,0,0,0,0,0,0,0,0,0,0,0,0,0,0,0,0,0,0,0,6,0,0,0,0,0,0,0,0,0,0,0,0,0,0,0,0,0,0,0,0,0,0,0,0,0,0,0,0,0,0,0,0,0,0,0,0,0,0,0,0,0,0,0,0,0,0,0,0,0,0,0,0,0,1,0,0,0,0,0,0,0,0,0,0,0,0,0,0,0,0,0,0,0,0,0,0,0,0,0,0,0,0,0,0,0,0,0,0,0,0,1,0,0,0,0,0,0,0,0,0,0,0,0,0,0,0,0,0,0,0,0,0,0,0,0,0,3,0,0,0,0,3,0,0,0,0,0,0,0,0,0,0,0,0,2,0,0,0,0,0,0,0,0,0,0,0,0,0,0,0,0,0,0,0,0,0,0,0,0,0,0,0,0,0,0,0,1,0,0,0,0,0,0,0,0,0,0,0,5,0,0,0
Alps.Tith.SG13,0,0,0,2,0,0,0,0,0,0,0,0,0,0,0,0,1,0,0,0,0,0,0,0,1,1,0,1,2,0,0,0,0,0,7,0,0,0,4,0,0,0,0,0,0,0,0,0,0,0,0,0,8,0,1,3,8,0,0,1,0,1,0,0,0,0,0,0,0,0,1,0,0,1,0,0,0,0,0,0,0,0,0,1,0,2,0,0,0,0,0,0,0,0,0,0,0,0,0,0,0,0,9,0,0,0,0,3,0,0,2,0,0,0,0,0,0,0,0,0,0,0,2,0,0,0,0,0,0,0,0,5,0,0,28,0,0,0,0,0,0,0,0,0,0,0,0,0,0,0,0,0,0,1,0,0,0,1,0,0,0,0,1,0,0,0,0,1,0,0,0,0,3,0,3,0,3,0,0,0,0,9,8,0,0,3,0,15,4,0,0,9,3,0,0,0,0,0,0,6,0,29,0,0,0,0,0,0,0,0,0,0,0,0,0,0,0,4,1,3,0,0,0,0,0,0,0,0,0,1,0,0,2,0,0,0,0,0,0,3,2,0,0,0,0,2,1,0,0,0,0,0,1,3,0,2,1,0,0,0,0,0,0,0,17,0,0,10,0,0,0,0,1,10,0,0,0,0,0,0,0,0,7,3,1,21,0,0,0,0,7,0,0,0,0,0,0,0,0,0,14,0,0,0,7,0,0,3,0,0,0,0,1,0,1,0,0,6,2,0,0,0,0,19,2,0,0,1,0,18,0,1,0,0,0,0,0,0,0,0,0,5,0,0,0,0,0,2,3,0,0,2,0,13,1,0,0,1,0,0,0,0,0,0,0,0,0,0,0,0,0,0,0,2,0,3,0,6,0,0,0,4,12,0,0,0,0,0,0,0,0,0,0,0,0,0,0,0,0,0,0,0,0,0,0,0,0,0,1,0,0,0,0,2,0,0,0,0,0,0,0,0,0,0,0,0,0,0,0,0,0,0,0,0,0,0,0,0,0,0,0,0,0,0,0,0,0,0,0,0,0,0,0,0,0,0,0,0,0,0,0,0,0,0,0,0,0,0,0,0,0,0,0,0,0,0,0,0,0,0,0,0,0,0,0,0,0,0,0,0,0,0,0,0,0,0,0,0,0,1,0,0,0,0,0,1,0,0,0,0,0,0,0,0,0,0,0,0,0,0,0,0,0,0,0,0,0,0,0,0,0,0,0,0,0,0,0,0,0,0,0,0,0,0,0,0,0,0,0,0,0,0,0,0,0,0,0,0,0,0,0,0,0,0,0,0,0,0,0,0,0,0,0,0,0,0,0,0,0,0,0,1,1,0,0,0,0,0,0,0,0,0,0,0,8,0,0,0,15,25,0,0,2,0,0,0,2,0,0,0,2,0,0,0,0,0,0,0,0,0,0,0,0,0,22,0,0,0,0,0,0,0,0,0,0,0,0,0,0,0,0,0,0,0,0,0,0,0,0,0,0,0,0,0,0,0,0,0,0,0,0,0,0,0,0,3,0,0,0,0,0,0,0,0,0,0,0,0,0,2,4,0,0,0,0,0,0,0,0,0,0,10,0,0,0,0,0,0,0,0,0,0,0,0,0,4,1,0,0,4,0,0,0,0,0,0,0,3,0,0,1,0,0,0,0,0,0,0,0,0,0,0,0,0,0,0,0,0,0,0,0,0,0,0,1,0,3,0,0,0,0,0,0,0,0,8,2
Alps.Kimm.STG,0,0,6,25,0,0,0,0,0,1,0,0,0,0,4,0,7,0,0,0,1,0,0,0,1,0,1,2,0,0,0,0,0,0,0,0,0,0,0,0,0,2,0,0,0,0,0,0,0,0,0,0,1,0,0,22,1,0,0,11,0,0,0,0,0,0,0,16,0,0,0,0,1,0,2,0,0,0,0,0,0,0,0,0,0,2,0,0,0,0,1,0,0,5,0,0,0,0,0,0,0,0,0,1,0,0,0,4,20,0,0,0,0,0,0,0,0,0,0,0,1,1,0,0,14,0,0,0,0,0,0,0,0,0,1,0,0,0,0,0,0,0,0,0,0,0,0,0,0,0,2,0,0,12,0,0,0,0,5,3,0,0,1,0,5,1,0,0,0,0,0,0,10,0,3,2,2,0,0,8,0,0,0,0,0,0,0,4,1,0,0,0,0,0,0,0,0,0,0,0,0,0,0,0,0,0,0,0,0,0,0,0,0,0,0,0,0,0,0,0,0,0,0,0,0,0,0,0,0,0,0,0,0,0,0,0,5,0,0,0,0,0,0,0,0,0,0,0,0,0,0,0,2,2,0,3,4,0,0,0,0,0,0,0,1,0,0,0,0,0,0,0,0,0,0,0,0,0,0,0,0,0,9,2,6,6,0,0,0,0,2,0,0,0,0,0,0,0,0,0,0,0,0,0,0,0,0,0,0,0,0,0,0,1,1,0,0,3,0,0,0,0,0,1,0,0,0,1,0,0,0,0,4,1,0,0,0,0,0,0,0,0,0,0,0,0,0,2,0,0,0,0,0,0,0,0,0,0,0,0,0,0,0,0,0,0,0,0,0,0,0,0,0,0,0,0,0,0,0,0,0,0,0,0,0,0,0,0,0,0,0,0,5,0,0,33,0,0,0,0,0,0,0,0,4,0,0,0,0,0,0,0,0,0,0,0,0,0,0,0,0,0,0,0,0,0,0,0,0,0,0,0,0,0,0,0,0,0,0,4,0,0,0,0,0,0,0,0,0,0,0,0,0,0,0,0,0,0,0,0,0,0,0,0,0,0,0,0,0,0,0,0,0,0,0,0,0,0,0,0,0,0,0,0,0,0,0,0,0,0,0,0,0,0,0,0,0,0,0,0,0,0,0,0,0,0,0,0,0,0,0,0,0,0,0,0,0,0,0,0,0,0,0,0,0,0,0,0,0,0,0,0,0,0,0,0,0,0,0,0,0,0,0,0,0,0,0,0,0,0,0,0,0,0,0,0,0,0,0,0,0,0,0,0,0,0,0,0,0,0,0,5,0,0,0,0,0,0,0,0,0,0,0,0,0,0,0,0,0,0,0,0,0,0,0,0,0,0,0,0,0,0,0,0,0,0,0,0,0,0,0,0,0,0,0,0,0,0,0,0,0,0,0,0,0,0,0,0,0,0,0,0,0,0,0,0,0,0,0,0,0,0,0,0,0,0,0,0,0,0,0,0,0,0,0,0,0,0,0,0,0,0,0,0,0,0,0,0,0,0,0,0,0,0,0,0,0,0,0,0,0,0,0,0,0,0,0,0,0,0,0,0,0,0,0,0,0,0,0,0,0,0,0,0,0,0,0,0,0,0,0,0,0,0,0,0,0,0,0,0,0,0,0,0,0,0,0,0,0,0,0,0,0,0,0,0,0,0,0,0,0,0,0,0,0,0,0,0,0,0,0,0,0,0,0,0,0
